casino,address,month,revenue_type,monthly_total
"WarHorse Gaming Lincoln, LLC","7055 S 1st, Lincoln NE 68512",2025-12-31,Slots - Electronic Gaming Devices (EGD),6724301.46
"WarHorse Gaming Lincoln, LLC","7055 S 1st, Lincoln NE 68512",2025-12-31,Electronic Table Games (ETG),180524.27
"WarHorse Gaming Lincoln, LLC","7055 S 1st, Lincoln NE 68512",2025-12-31,Table Games,929622.5
"WarHorse Gaming Lincoln, LLC","7055 S 1st, Lincoln NE 68512",2025-12-31,Sports Betting,424871.57
"WarHorse Gaming Lincoln, LLC","7055 S 1st, Lincoln NE 68512",2025-12-31,Total Gross Gaming Revenue,8259319.8
Grand Island Casino & Resort,"700 E Stolley Park Rd, Grand Island NE",2025-12-31,Slots - Electronic Gaming Devices (EGD),4738423.01
Grand Island Casino & Resort,"700 E Stolley Park Rd, Grand Island NE",2025-12-31,Electronic Table Games (ETG),64385.03
Grand Island Casino & Resort,"700 E Stolley Park Rd, Grand Island NE",2025-12-31,Table Games,500739.5
Grand Island Casino & Resort,"700 E Stolley Park Rd, Grand Island NE",2025-12-31,Sports Betting,246194.5
Grand Island Casino & Resort,"700 E Stolley Park Rd, Grand Island NE",2025-12-31,Total Gross Gaming Revenue,5549742.04
Harrahs Columbus NE Racing & Casino,"822 15th St, Columbus NE",2025-12-31,Slots - Electronic Gaming Devices (EGD),1848881.02
Harrahs Columbus NE Racing & Casino,"822 15th St, Columbus NE",2025-12-31,Electronic Table Games (ETG),99982.74
Harrahs Columbus NE Racing & Casino,"822 15th St, Columbus NE",2025-12-31,Table Games,137460.0
Harrahs Columbus NE Racing & Casino,"822 15th St, Columbus NE",2025-12-31,Sports Betting,56215.29
Harrahs Columbus NE Racing & Casino,"822 15th St, Columbus NE",2025-12-31,Total Gross Gaming Revenue,2142539.05
"WarHorse Casino Omaha, LLC","Omaha, NE",2025-12-31,Slots - Electronic Gaming Devices (EGD),7559167.62
"WarHorse Casino Omaha, LLC","Omaha, NE",2025-12-31,Electronic Table Games (ETG),234783.16
"WarHorse Casino Omaha, LLC","Omaha, NE",2025-12-31,Table Games,982651.18
"WarHorse Casino Omaha, LLC","Omaha, NE",2025-12-31,Sports Betting,405799.01
"WarHorse Casino Omaha, LLC","Omaha, NE",2025-12-31,Total Gross Gaming Revenue,9182400.97
Lake Mac Casino & Resort,"Ogallala, NE",2025-12-31,Slots - Electronic Gaming Devices (EGD),876315.67
Lake Mac Casino & Resort,"Ogallala, NE",2025-12-31,Electronic Table Games (ETG),108078.18
Lake Mac Casino & Resort,"Ogallala, NE",2025-12-31,Table Games,0.0
Lake Mac Casino & Resort,"Ogallala, NE",2025-12-31,Sports Betting,15081.29
Lake Mac Casino & Resort,"Ogallala, NE",2025-12-31,Total Gross Gaming Revenue,999475.14
"WarHorse Gaming Lincoln, LLC","7055 S 1st, Lincoln NE 68512",2025-11-30,Slots - Electronic Gaming Devices (EGD),5715581.13
"WarHorse Gaming Lincoln, LLC","7055 S 1st, Lincoln NE 68512",2025-11-30,Electronic Table Games (ETG),189974.42
"WarHorse Gaming Lincoln, LLC","7055 S 1st, Lincoln NE 68512",2025-11-30,Table Games,635701.0
"WarHorse Gaming Lincoln, LLC","7055 S 1st, Lincoln NE 68512",2025-11-30,Sports Betting,550969.09
"WarHorse Gaming Lincoln, LLC","7055 S 1st, Lincoln NE 68512",2025-11-30,Total Gross Gaming Revenue,7092225.64
Grand Island Casino & Resort,"700 E Stolley Park Rd, Grand Island NE",2025-11-30,Slots - Electronic Gaming Devices (EGD),4155495.28
Grand Island Casino & Resort,"700 E Stolley Park Rd, Grand Island NE",2025-11-30,Electronic Table Games (ETG),136951.62
Grand Island Casino & Resort,"700 E Stolley Park Rd, Grand Island NE",2025-11-30,Table Games,541513.0
Grand Island Casino & Resort,"700 E Stolley Park Rd, Grand Island NE",2025-11-30,Sports Betting,204236.38
Grand Island Casino & Resort,"700 E Stolley Park Rd, Grand Island NE",2025-11-30,Total Gross Gaming Revenue,5038196.28
Harrahs Columbus NE Racing & Casino,"822 15th St, Columbus NE",2025-11-30,Slots - Electronic Gaming Devices (EGD),1669002.62
Harrahs Columbus NE Racing & Casino,"822 15th St, Columbus NE",2025-11-30,Electronic Table Games (ETG),81465.16
Harrahs Columbus NE Racing & Casino,"822 15th St, Columbus NE",2025-11-30,Table Games,147091.0
Harrahs Columbus NE Racing & Casino,"822 15th St, Columbus NE",2025-11-30,Sports Betting,98043.57
Harrahs Columbus NE Racing & Casino,"822 15th St, Columbus NE",2025-11-30,Total Gross Gaming Revenue,1995602.35
"WarHorse Casino Omaha, LLC","Omaha, NE",2025-11-30,Slots - Electronic Gaming Devices (EGD),7273264.34
"WarHorse Casino Omaha, LLC","Omaha, NE",2025-11-30,Electronic Table Games (ETG),222059.5
"WarHorse Casino Omaha, LLC","Omaha, NE",2025-11-30,Table Games,911100.5
"WarHorse Casino Omaha, LLC","Omaha, NE",2025-11-30,Sports Betting,639624.8
"WarHorse Casino Omaha, LLC","Omaha, NE",2025-11-30,Total Gross Gaming Revenue,9046049.14
Lake Mac Casino & Resort,"Ogallala, NE",2025-11-30,Slots - Electronic Gaming Devices (EGD),814021.32
Lake Mac Casino & Resort,"Ogallala, NE",2025-11-30,Electronic Table Games (ETG),92710.62
Lake Mac Casino & Resort,"Ogallala, NE",2025-11-30,Table Games,0.0
Lake Mac Casino & Resort,"Ogallala, NE",2025-11-30,Sports Betting,13849.5
Lake Mac Casino & Resort,"Ogallala, NE",2025-11-30,Total Gross Gaming Revenue,920581.44
"WarHorse Gaming Lincoln, LLC","7055 S 1st, Lincoln NE 68512",2025-10-31,Slots - Electronic Gaming Devices (EGD),6333477.28
"WarHorse Gaming Lincoln, LLC","7055 S 1st, Lincoln NE 68512",2025-10-31,Electronic Table Games (ETG),198473.45
"WarHorse Gaming Lincoln, LLC","7055 S 1st, Lincoln NE 68512",2025-10-31,Table Games,618686.95
"WarHorse Gaming Lincoln, LLC","7055 S 1st, Lincoln NE 68512",2025-10-31,Sports Betting,374275.91
"WarHorse Gaming Lincoln, LLC","7055 S 1st, Lincoln NE 68512",2025-10-31,Total Gross Gaming Revenue,7524913.59
Grand Island Casino & Resort,"700 E Stolley Park Rd, Grand Island NE",2025-10-31,Slots - Electronic Gaming Devices (EGD),4203420.84
Grand Island Casino & Resort,"700 E Stolley Park Rd, Grand Island NE",2025-10-31,Electronic Table Games (ETG),144954.0
Grand Island Casino & Resort,"700 E Stolley Park Rd, Grand Island NE",2025-10-31,Table Games,503841.5
Grand Island Casino & Resort,"700 E Stolley Park Rd, Grand Island NE",2025-10-31,Sports Betting,146802.32
Grand Island Casino & Resort,"700 E Stolley Park Rd, Grand Island NE",2025-10-31,Total Gross Gaming Revenue,4999018.66
Harrahs Columbus NE Racing & Casino,"822 15th St, Columbus NE",2025-10-31,Slots - Electronic Gaming Devices (EGD),1690079.87
Harrahs Columbus NE Racing & Casino,"822 15th St, Columbus NE",2025-10-31,Electronic Table Games (ETG),70619.9
Harrahs Columbus NE Racing & Casino,"822 15th St, Columbus NE",2025-10-31,Table Games,104228.0
Harrahs Columbus NE Racing & Casino,"822 15th St, Columbus NE",2025-10-31,Sports Betting,59971.71
Harrahs Columbus NE Racing & Casino,"822 15th St, Columbus NE",2025-10-31,Total Gross Gaming Revenue,1924899.48
"WarHorse Casino Omaha, LLC","Omaha, NE",2025-10-31,Slots - Electronic Gaming Devices (EGD),7616974.3
"WarHorse Casino Omaha, LLC","Omaha, NE",2025-10-31,Electronic Table Games (ETG),213052.89
"WarHorse Casino Omaha, LLC","Omaha, NE",2025-10-31,Table Games,998433.0
"WarHorse Casino Omaha, LLC","Omaha, NE",2025-10-31,Sports Betting,433402.24
"WarHorse Casino Omaha, LLC","Omaha, NE",2025-10-31,Total Gross Gaming Revenue,9261862.43
Lake Mac Casino & Resort,"Ogallala, NE",2025-10-31,Slots - Electronic Gaming Devices (EGD),785375.42
Lake Mac Casino & Resort,"Ogallala, NE",2025-10-31,Electronic Table Games (ETG),106969.26
Lake Mac Casino & Resort,"Ogallala, NE",2025-10-31,Table Games,0.0
Lake Mac Casino & Resort,"Ogallala, NE",2025-10-31,Sports Betting,8116.05
Lake Mac Casino & Resort,"Ogallala, NE",2025-10-31,Total Gross Gaming Revenue,900460.73
"WarHorse Gaming Lincoln, LLC","7055 S 1st, Lincoln NE 68512",2025-09-30,Slots - Electronic Gaming Devices (EGD),5513947.75
"WarHorse Gaming Lincoln, LLC","7055 S 1st, Lincoln NE 68512",2025-09-30,Electronic Table Games (ETG),190683.3
"WarHorse Gaming Lincoln, LLC","7055 S 1st, Lincoln NE 68512",2025-09-30,Table Games,511694.5
"WarHorse Gaming Lincoln, LLC","7055 S 1st, Lincoln NE 68512",2025-09-30,Sports Betting,208964.56
"WarHorse Gaming Lincoln, LLC","7055 S 1st, Lincoln NE 68512",2025-09-30,Total Gross Gaming Revenue,6425290.11
Grand Island Casino & Resort,"700 E Stolley Park Rd, Grand Island NE",2025-09-30,Slots - Electronic Gaming Devices (EGD),3943625.83
Grand Island Casino & Resort,"700 E Stolley Park Rd, Grand Island NE",2025-09-30,Electronic Table Games (ETG),129698.87
Grand Island Casino & Resort,"700 E Stolley Park Rd, Grand Island NE",2025-09-30,Table Games,262335.0
Grand Island Casino & Resort,"700 E Stolley Park Rd, Grand Island NE",2025-09-30,Sports Betting,73958.12
Grand Island Casino & Resort,"700 E Stolley Park Rd, Grand Island NE",2025-09-30,Total Gross Gaming Revenue,4409617.82
Harrahs Columbus NE Racing & Casino,"822 15th St, Columbus NE",2025-09-30,Slots - Electronic Gaming Devices (EGD),1666833.27
Harrahs Columbus NE Racing & Casino,"822 15th St, Columbus NE",2025-09-30,Electronic Table Games (ETG),78271.53
Harrahs Columbus NE Racing & Casino,"822 15th St, Columbus NE",2025-09-30,Table Games,164017.5
Harrahs Columbus NE Racing & Casino,"822 15th St, Columbus NE",2025-09-30,Sports Betting,63129.39
Harrahs Columbus NE Racing & Casino,"822 15th St, Columbus NE",2025-09-30,Total Gross Gaming Revenue,1972251.69
"WarHorse Casino Omaha, LLC","Omaha, NE",2025-09-30,Slots - Electronic Gaming Devices (EGD),6823674.65
"WarHorse Casino Omaha, LLC","Omaha, NE",2025-09-30,Electronic Table Games (ETG),115288.61
"WarHorse Casino Omaha, LLC","Omaha, NE",2025-09-30,Table Games,893508.0
"WarHorse Casino Omaha, LLC","Omaha, NE",2025-09-30,Sports Betting,223043.64
"WarHorse Casino Omaha, LLC","Omaha, NE",2025-09-30,Total Gross Gaming Revenue,8055514.9
Lake Mac Casino & Resort,"Ogallala, NE",2025-09-30,Slots - Electronic Gaming Devices (EGD),955925.63
Lake Mac Casino & Resort,"Ogallala, NE",2025-09-30,Electronic Table Games (ETG),110633.47
Lake Mac Casino & Resort,"Ogallala, NE",2025-09-30,Table Games,0.0
Lake Mac Casino & Resort,"Ogallala, NE",2025-09-30,Sports Betting,8659.69
Lake Mac Casino & Resort,"Ogallala, NE",2025-09-30,Total Gross Gaming Revenue,1075218.79
"WarHorse Gaming Lincoln, LLC","7055 S 1st, Lincoln NE 68512",2025-08-31,Slots - Electronic Gaming Devices (EGD),5851053.63
"WarHorse Gaming Lincoln, LLC","7055 S 1st, Lincoln NE 68512",2025-08-31,Electronic Table Games (ETG),226606.49
"WarHorse Gaming Lincoln, LLC","7055 S 1st, Lincoln NE 68512",2025-08-31,Table Games,436654.0
"WarHorse Gaming Lincoln, LLC","7055 S 1st, Lincoln NE 68512",2025-08-31,Sports Betting,448402.7
"WarHorse Gaming Lincoln, LLC","7055 S 1st, Lincoln NE 68512",2025-08-31,Total Gross Gaming Revenue,6962716.82
Grand Island Casino & Resort,"700 E Stolley Park Rd, Grand Island NE",2025-08-31,Slots - Electronic Gaming Devices (EGD),4257075.08
Grand Island Casino & Resort,"700 E Stolley Park Rd, Grand Island NE",2025-08-31,Electronic Table Games (ETG),153228.46
Grand Island Casino & Resort,"700 E Stolley Park Rd, Grand Island NE",2025-08-31,Table Games,512764.0
Grand Island Casino & Resort,"700 E Stolley Park Rd, Grand Island NE",2025-08-31,Sports Betting,62975.3
Grand Island Casino & Resort,"700 E Stolley Park Rd, Grand Island NE",2025-08-31,Total Gross Gaming Revenue,4986042.84
Harrahs Columbus NE Racing & Casino,"822 15th St, Columbus NE",2025-08-31,Slots - Electronic Gaming Devices (EGD),1888205.45
Harrahs Columbus NE Racing & Casino,"822 15th St, Columbus NE",2025-08-31,Electronic Table Games (ETG),93492.49
Harrahs Columbus NE Racing & Casino,"822 15th St, Columbus NE",2025-08-31,Table Games,154560.0
Harrahs Columbus NE Racing & Casino,"822 15th St, Columbus NE",2025-08-31,Sports Betting,80482.66
Harrahs Columbus NE Racing & Casino,"822 15th St, Columbus NE",2025-08-31,Total Gross Gaming Revenue,2216740.6
"WarHorse Casino Omaha, LLC","Omaha, NE",2025-08-31,Slots - Electronic Gaming Devices (EGD),7443827.16
"WarHorse Casino Omaha, LLC","Omaha, NE",2025-08-31,Electronic Table Games (ETG),220540.75
"WarHorse Casino Omaha, LLC","Omaha, NE",2025-08-31,Table Games,954227.0
"WarHorse Casino Omaha, LLC","Omaha, NE",2025-08-31,Sports Betting,274385.41
"WarHorse Casino Omaha, LLC","Omaha, NE",2025-08-31,Total Gross Gaming Revenue,8892980.32
Lake Mac Casino & Resort,"Ogallala, NE",2025-08-31,Slots - Electronic Gaming Devices (EGD),427851.76
Lake Mac Casino & Resort,"Ogallala, NE",2025-08-31,Electronic Table Games (ETG),88844.58
Lake Mac Casino & Resort,"Ogallala, NE",2025-08-31,Table Games,0.0
Lake Mac Casino & Resort,"Ogallala, NE",2025-08-31,Sports Betting,10723.28
Lake Mac Casino & Resort,"Ogallala, NE",2025-08-31,Total Gross Gaming Revenue,527419.62
"WarHorse Gaming Lincoln, LLC","7055 S 1st, Lincoln NE 68512",2025-07-31,Slots - Electronic Gaming Devices (EGD),5656493.32
"WarHorse Gaming Lincoln, LLC","7055 S 1st, Lincoln NE 68512",2025-07-31,Electronic Table Games (ETG),147544.88
"WarHorse Gaming Lincoln, LLC","7055 S 1st, Lincoln NE 68512",2025-07-31,Table Games,670591.0
"WarHorse Gaming Lincoln, LLC","7055 S 1st, Lincoln NE 68512",2025-07-31,Sports Betting,115835.45
"WarHorse Gaming Lincoln, LLC","7055 S 1st, Lincoln NE 68512",2025-07-31,Total Gross Gaming Revenue,6590464.65
Grand Island Casino & Resort,"700 E Stolley Park Rd, Grand Island NE",2025-07-31,Slots - Electronic Gaming Devices (EGD),3838811.84
Grand Island Casino & Resort,"700 E Stolley Park Rd, Grand Island NE",2025-07-31,Electronic Table Games (ETG),173640.4
Grand Island Casino & Resort,"700 E Stolley Park Rd, Grand Island NE",2025-07-31,Table Games,389241.0
Grand Island Casino & Resort,"700 E Stolley Park Rd, Grand Island NE",2025-07-31,Sports Betting,64773.37
Grand Island Casino & Resort,"700 E Stolley Park Rd, Grand Island NE",2025-07-31,Total Gross Gaming Revenue,4466466.61
Harrahs Columbus NE Racing & Casino,"822 15th St, Columbus NE",2025-07-31,Slots - Electronic Gaming Devices (EGD),1949924.41
Harrahs Columbus NE Racing & Casino,"822 15th St, Columbus NE",2025-07-31,Electronic Table Games (ETG),106855.31
Harrahs Columbus NE Racing & Casino,"822 15th St, Columbus NE",2025-07-31,Table Games,119484.5
Harrahs Columbus NE Racing & Casino,"822 15th St, Columbus NE",2025-07-31,Sports Betting,36359.25
Harrahs Columbus NE Racing & Casino,"822 15th St, Columbus NE",2025-07-31,Total Gross Gaming Revenue,2212623.47
"WarHorse Casino Omaha, LLC","Omaha, NE",2025-07-31,Slots - Electronic Gaming Devices (EGD),7291936.93
"WarHorse Casino Omaha, LLC","Omaha, NE",2025-07-31,Electronic Table Games (ETG),143424.7
"WarHorse Casino Omaha, LLC","Omaha, NE",2025-07-31,Table Games,411436.9
"WarHorse Casino Omaha, LLC","Omaha, NE",2025-07-31,Sports Betting,184074.39
"WarHorse Casino Omaha, LLC","Omaha, NE",2025-07-31,Total Gross Gaming Revenue,8030872.92
"WarHorse Gaming Lincoln, LLC","7055 S 1st, Lincoln NE 68512",2025-06-30,Slots - Electronic Gaming Devices (EGD),5314099.59
"WarHorse Gaming Lincoln, LLC","7055 S 1st, Lincoln NE 68512",2025-06-30,Electronic Table Games (ETG),175276.87
"WarHorse Gaming Lincoln, LLC","7055 S 1st, Lincoln NE 68512",2025-06-30,Table Games,515458.0
"WarHorse Gaming Lincoln, LLC","7055 S 1st, Lincoln NE 68512",2025-06-30,Sports Betting,230719.62
"WarHorse Gaming Lincoln, LLC","7055 S 1st, Lincoln NE 68512",2025-06-30,Total Gross Gaming Revenue,6235554.08
Grand Island Casino & Resort,"700 E Stolley Park Rd, Grand Island NE",2025-06-30,Slots - Electronic Gaming Devices (EGD),3935671.95
Grand Island Casino & Resort,"700 E Stolley Park Rd, Grand Island NE",2025-06-30,Electronic Table Games (ETG),136300.68
Grand Island Casino & Resort,"700 E Stolley Park Rd, Grand Island NE",2025-06-30,Table Games,444764.0
Grand Island Casino & Resort,"700 E Stolley Park Rd, Grand Island NE",2025-06-30,Sports Betting,128094.51
Grand Island Casino & Resort,"700 E Stolley Park Rd, Grand Island NE",2025-06-30,Total Gross Gaming Revenue,4644831.14
Harrahs Columbus NE Racing & Casino,"822 15th St, Columbus NE",2025-06-30,Slots - Electronic Gaming Devices (EGD),1795431.13
Harrahs Columbus NE Racing & Casino,"822 15th St, Columbus NE",2025-06-30,Electronic Table Games (ETG),89516.23
Harrahs Columbus NE Racing & Casino,"822 15th St, Columbus NE",2025-06-30,Table Games,153627.5
Harrahs Columbus NE Racing & Casino,"822 15th St, Columbus NE",2025-06-30,Sports Betting,52185.31
Harrahs Columbus NE Racing & Casino,"822 15th St, Columbus NE",2025-06-30,Total Gross Gaming Revenue,2090760.17
"WarHorse Casino Omaha, LLC","Omaha, NE",2025-06-30,Slots - Electronic Gaming Devices (EGD),6502137.28
"WarHorse Casino Omaha, LLC","Omaha, NE",2025-06-30,Electronic Table Games (ETG),155903.5
"WarHorse Casino Omaha, LLC","Omaha, NE",2025-06-30,Table Games,831287.0
"WarHorse Casino Omaha, LLC","Omaha, NE",2025-06-30,Sports Betting,256032.62
"WarHorse Casino Omaha, LLC","Omaha, NE",2025-06-30,Total Gross Gaming Revenue,7745360.4
"WarHorse Gaming Lincoln, LLC","7055 S 1st, Lincoln NE 68512",2025-05-31,Slots - Electronic Gaming Devices (EGD),6121504.88
"WarHorse Gaming Lincoln, LLC","7055 S 1st, Lincoln NE 68512",2025-05-31,Electronic Table Games (ETG),202311.75
"WarHorse Gaming Lincoln, LLC","7055 S 1st, Lincoln NE 68512",2025-05-31,Table Games,555504.0
"WarHorse Gaming Lincoln, LLC","7055 S 1st, Lincoln NE 68512",2025-05-31,Sports Betting,388710.28
"WarHorse Gaming Lincoln, LLC","7055 S 1st, Lincoln NE 68512",2025-05-31,Total Gross Gaming Revenue,7268030.91
Grand Island Casino & Resort,"700 E Stolley Park Rd, Grand Island NE",2025-05-31,Slots - Electronic Gaming Devices (EGD),4716379.39
Grand Island Casino & Resort,"700 E Stolley Park Rd, Grand Island NE",2025-05-31,Electronic Table Games (ETG),196726.85
Grand Island Casino & Resort,"700 E Stolley Park Rd, Grand Island NE",2025-05-31,Table Games,590081.0
Grand Island Casino & Resort,"700 E Stolley Park Rd, Grand Island NE",2025-05-31,Sports Betting,55006.53
Grand Island Casino & Resort,"700 E Stolley Park Rd, Grand Island NE",2025-05-31,Total Gross Gaming Revenue,5558193.77
Harrahs Columbus NE Racing & Casino,"822 15th St, Columbus NE",2025-05-31,Slots - Electronic Gaming Devices (EGD),2014048.21
Harrahs Columbus NE Racing & Casino,"822 15th St, Columbus NE",2025-05-31,Electronic Table Games (ETG),98715.92
Harrahs Columbus NE Racing & Casino,"822 15th St, Columbus NE",2025-05-31,Table Games,143839.0
Harrahs Columbus NE Racing & Casino,"822 15th St, Columbus NE",2025-05-31,Sports Betting,41280.77
Harrahs Columbus NE Racing & Casino,"822 15th St, Columbus NE",2025-05-31,Total Gross Gaming Revenue,2297883.9
"WarHorse Casino Omaha, LLC","Omaha, NE",2025-05-31,Slots - Electronic Gaming Devices (EGD),7632099.25
"WarHorse Casino Omaha, LLC","Omaha, NE",2025-05-31,Electronic Table Games (ETG),234110.27
"WarHorse Casino Omaha, LLC","Omaha, NE",2025-05-31,Table Games,897458.5
"WarHorse Casino Omaha, LLC","Omaha, NE",2025-05-31,Sports Betting,316980.82
"WarHorse Casino Omaha, LLC","Omaha, NE",2025-05-31,Total Gross Gaming Revenue,9080648.84
"WarHorse Gaming Lincoln, LLC","7055 S 1st, Lincoln NE 68512",2025-04-30,Slots - Electronic Gaming Devices (EGD),5480479.94
"WarHorse Gaming Lincoln, LLC","7055 S 1st, Lincoln NE 68512",2025-04-30,Electronic Table Games (ETG),162951.49
"WarHorse Gaming Lincoln, LLC","7055 S 1st, Lincoln NE 68512",2025-04-30,Table Games,611082.0
"WarHorse Gaming Lincoln, LLC","7055 S 1st, Lincoln NE 68512",2025-04-30,Sports Betting,200777.64
"WarHorse Gaming Lincoln, LLC","7055 S 1st, Lincoln NE 68512",2025-04-30,Total Gross Gaming Revenue,6455291.07
Grand Island Casino & Resort,"700 E Stolley Park Rd, Grand Island NE",2025-04-30,Slots - Electronic Gaming Devices (EGD),4690891.74
Grand Island Casino & Resort,"700 E Stolley Park Rd, Grand Island NE",2025-04-30,Electronic Table Games (ETG),119213.39
Grand Island Casino & Resort,"700 E Stolley Park Rd, Grand Island NE",2025-04-30,Table Games,530189.5
Grand Island Casino & Resort,"700 E Stolley Park Rd, Grand Island NE",2025-04-30,Sports Betting,76748.28
Grand Island Casino & Resort,"700 E Stolley Park Rd, Grand Island NE",2025-04-30,Total Gross Gaming Revenue,5417042.91
Harrahs Columbus NE Racing & Casino,"822 15th St, Columbus NE",2025-04-30,Slots - Electronic Gaming Devices (EGD),2014271.36
Harrahs Columbus NE Racing & Casino,"822 15th St, Columbus NE",2025-04-30,Electronic Table Games (ETG),78104.31
Harrahs Columbus NE Racing & Casino,"822 15th St, Columbus NE",2025-04-30,Table Games,191286.5
Harrahs Columbus NE Racing & Casino,"822 15th St, Columbus NE",2025-04-30,Sports Betting,72299.71
Harrahs Columbus NE Racing & Casino,"822 15th St, Columbus NE",2025-04-30,Total Gross Gaming Revenue,2355961.88
"WarHorse Casino Omaha, LLC","Omaha, NE",2025-04-30,Slots - Electronic Gaming Devices (EGD),5977140.86
"WarHorse Casino Omaha, LLC","Omaha, NE",2025-04-30,Electronic Table Games (ETG),69674.73
"WarHorse Casino Omaha, LLC","Omaha, NE",2025-04-30,Table Games,695352.5
"WarHorse Casino Omaha, LLC","Omaha, NE",2025-04-30,Sports Betting,146382.11
"WarHorse Casino Omaha, LLC","Omaha, NE",2025-04-30,Total Gross Gaming Revenue,6888550.2
"WarHorse Gaming Lincoln, LLC","7055 S 1st, Lincoln NE 68512",2025-03-31,Slots - Electronic Gaming Devices (EGD),5940515.71
"WarHorse Gaming Lincoln, LLC","7055 S 1st, Lincoln NE 68512",2025-03-31,Electronic Table Games (ETG),210389.91
"WarHorse Gaming Lincoln, LLC","7055 S 1st, Lincoln NE 68512",2025-03-31,Table Games,774224.0
"WarHorse Gaming Lincoln, LLC","7055 S 1st, Lincoln NE 68512",2025-03-31,Sports Betting,174346.44
"WarHorse Gaming Lincoln, LLC","7055 S 1st, Lincoln NE 68512",2025-03-31,Total Gross Gaming Revenue,7099476.06
Grand Island Casino & Resort,"700 E Stolley Park Rd, Grand Island NE",2025-03-31,Slots - Electronic Gaming Devices (EGD),3092381.19
Grand Island Casino & Resort,"700 E Stolley Park Rd, Grand Island NE",2025-03-31,Electronic Table Games (ETG),161766.33
Grand Island Casino & Resort,"700 E Stolley Park Rd, Grand Island NE",2025-03-31,Table Games,325378.0
Grand Island Casino & Resort,"700 E Stolley Park Rd, Grand Island NE",2025-03-31,Sports Betting,36294.94
Grand Island Casino & Resort,"700 E Stolley Park Rd, Grand Island NE",2025-03-31,Total Gross Gaming Revenue,3615820.46
Harrahs Columbus NE Racing & Casino,"822 15th St, Columbus NE",2025-03-31,Slots - Electronic Gaming Devices (EGD),2005110.4
Harrahs Columbus NE Racing & Casino,"822 15th St, Columbus NE",2025-03-31,Electronic Table Games (ETG),110639.86
Harrahs Columbus NE Racing & Casino,"822 15th St, Columbus NE",2025-03-31,Table Games,198062.0
Harrahs Columbus NE Racing & Casino,"822 15th St, Columbus NE",2025-03-31,Sports Betting,24730.28
Harrahs Columbus NE Racing & Casino,"822 15th St, Columbus NE",2025-03-31,Total Gross Gaming Revenue,2338542.54
"WarHorse Casino Omaha, LLC","Omaha, NE",2025-03-31,Slots - Electronic Gaming Devices (EGD),5547958.22
"WarHorse Casino Omaha, LLC","Omaha, NE",2025-03-31,Electronic Table Games (ETG),171198.11
"WarHorse Casino Omaha, LLC","Omaha, NE",2025-03-31,Table Games,847458.5
"WarHorse Casino Omaha, LLC","Omaha, NE",2025-03-31,Sports Betting,80364.99
"WarHorse Casino Omaha, LLC","Omaha, NE",2025-03-31,Total Gross Gaming Revenue,6646979.82
"WarHorse Gaming Lincoln, LLC","7055 S 1st, Lincoln NE 68512",2025-02-28,Slots - Electronic Gaming Devices (EGD),4739952.83
"WarHorse Gaming Lincoln, LLC","7055 S 1st, Lincoln NE 68512",2025-02-28,Electronic Table Games (ETG),186403.05
"WarHorse Gaming Lincoln, LLC","7055 S 1st, Lincoln NE 68512",2025-02-28,Table Games,589362.5
"WarHorse Gaming Lincoln, LLC","7055 S 1st, Lincoln NE 68512",2025-02-28,Sports Betting,238647.34
"WarHorse Gaming Lincoln, LLC","7055 S 1st, Lincoln NE 68512",2025-02-28,Total Gross Gaming Revenue,5754365.72
Grand Island Casino & Resort,"700 E Stolley Park Rd, Grand Island NE",2025-02-28,Slots - Electronic Gaming Devices (EGD),2585662.35
Grand Island Casino & Resort,"700 E Stolley Park Rd, Grand Island NE",2025-02-28,Electronic Table Games (ETG),87548.01
Grand Island Casino & Resort,"700 E Stolley Park Rd, Grand Island NE",2025-02-28,Table Games,317794.5
Grand Island Casino & Resort,"700 E Stolley Park Rd, Grand Island NE",2025-02-28,Sports Betting,44819.5
Grand Island Casino & Resort,"700 E Stolley Park Rd, Grand Island NE",2025-02-28,Total Gross Gaming Revenue,3035824.36
Harrahs Columbus NE Racing & Casino,"822 15th St, Columbus NE",2025-02-28,Slots - Electronic Gaming Devices (EGD),1671675.92
Harrahs Columbus NE Racing & Casino,"822 15th St, Columbus NE",2025-02-28,Electronic Table Games (ETG),72519.72
Harrahs Columbus NE Racing & Casino,"822 15th St, Columbus NE",2025-02-28,Table Games,146081.0
Harrahs Columbus NE Racing & Casino,"822 15th St, Columbus NE",2025-02-28,Sports Betting,49812.17
Harrahs Columbus NE Racing & Casino,"822 15th St, Columbus NE",2025-02-28,Total Gross Gaming Revenue,1940088.81
"WarHorse Casino Omaha, LLC","Omaha, NE",2025-02-28,Slots - Electronic Gaming Devices (EGD),4909986.13
"WarHorse Casino Omaha, LLC","Omaha, NE",2025-02-28,Electronic Table Games (ETG),145481.12
"WarHorse Casino Omaha, LLC","Omaha, NE",2025-02-28,Table Games,775411.0
"WarHorse Casino Omaha, LLC","Omaha, NE",2025-02-28,Sports Betting,272779.21
"WarHorse Casino Omaha, LLC","Omaha, NE",2025-02-28,Total Gross Gaming Revenue,6103657.46
"WarHorse Gaming Lincoln, LLC","7055 S 1st, Lincoln NE 68512",2025-01-31,Slots - Electronic Gaming Devices (EGD),5339012.65
"WarHorse Gaming Lincoln, LLC","7055 S 1st, Lincoln NE 68512",2025-01-31,Electronic Table Games (ETG),248537.66
"WarHorse Gaming Lincoln, LLC","7055 S 1st, Lincoln NE 68512",2025-01-31,Table Games,651770.0
"WarHorse Gaming Lincoln, LLC","7055 S 1st, Lincoln NE 68512",2025-01-31,Sports Betting,407007.29
"WarHorse Gaming Lincoln, LLC","7055 S 1st, Lincoln NE 68512",2025-01-31,Total Gross Gaming Revenue,6646327.6
Grand Island Casino & Resort,"700 E Stolley Park Rd, Grand Island NE",2025-01-31,Slots - Electronic Gaming Devices (EGD),2427947.91
Grand Island Casino & Resort,"700 E Stolley Park Rd, Grand Island NE",2025-01-31,Electronic Table Games (ETG),122489.45
Grand Island Casino & Resort,"700 E Stolley Park Rd, Grand Island NE",2025-01-31,Table Games,318457.5
Grand Island Casino & Resort,"700 E Stolley Park Rd, Grand Island NE",2025-01-31,Sports Betting,43439.28
Grand Island Casino & Resort,"700 E Stolley Park Rd, Grand Island NE",2025-01-31,Total Gross Gaming Revenue,2912334.14
Harrahs Columbus NE Racing & Casino,"822 15th St, Columbus NE",2025-01-31,Slots - Electronic Gaming Devices (EGD),1609508.96
Harrahs Columbus NE Racing & Casino,"822 15th St, Columbus NE",2025-01-31,Electronic Table Games (ETG),51377.89
Harrahs Columbus NE Racing & Casino,"822 15th St, Columbus NE",2025-01-31,Table Games,218972.5
Harrahs Columbus NE Racing & Casino,"822 15th St, Columbus NE",2025-01-31,Sports Betting,27464.96
Harrahs Columbus NE Racing & Casino,"822 15th St, Columbus NE",2025-01-31,Total Gross Gaming Revenue,1907324.31
"WarHorse Casino Omaha, LLC","Omaha, NE",2025-01-31,Slots - Electronic Gaming Devices (EGD),5050484.0
"WarHorse Casino Omaha, LLC","Omaha, NE",2025-01-31,Electronic Table Games (ETG),167331.92
"WarHorse Casino Omaha, LLC","Omaha, NE",2025-01-31,Table Games,646554.0
"WarHorse Casino Omaha, LLC","Omaha, NE",2025-01-31,Sports Betting,379141.76
"WarHorse Casino Omaha, LLC","Omaha, NE",2025-01-31,Total Gross Gaming Revenue,6243511.68
