Season,Rk,Tm,W,L,W-L%,Strk,R,RA,Rdiff,SOS,SRS,pythWL,Luck,vEast,vCent,vWest,Inter,Home,Road,ExInn,1Run,vRHP,vLHP,≥.500,<.500,last10,last20,last30
2026,1,Milwaukee Brewers,103,59,0.636,W 5,5.1,3.8,1.3,0,1.3,103-59,0,18-12,35-17,18-14,32-16,55-26,48-33,11-5,27-20,67-45,36-14,45-30,58-29,8-2,15-5,22-8
2026,2,Los Angeles Dodgers,100,62,0.617,W 3,4.9,3.7,1.2,-0.1,1.2,102-60,-2,18-12,18-14,33-19,31-17,51-30,49-32,6-1,31-23,68-39,32-23,38-37,62-25,8-2,15-5,20-10
2026,3,Tampa Bay Rays,98,64,0.605,L 1,4.5,4,0.5,0,0.5,90-72,8,28-24,21-10,22-9,27-21,55-26,43-38,8-6,25-14,67-47,31-17,40-28,58-36,5-5,13-7,20-10
2026,4,Atlanta Braves,94,68,0.58,L 1,4.6,3.9,0.7,0.1,0.8,93-69,1,33-19,16-14,18-14,27-21,52-29,42-39,8-6,27-21,61-43,33-25,43-29,51-39,5-5,10-10,17-13
2026,5,New York Yankees,93,68,0.578,W 1,4.6,3.7,0.9,-0.1,0.8,96-65,-3,29-22,19-12,18-13,27-21,46-34,47-34,4-11,17-22,58-48,35-20,35-34,58-34,5-5,13-7,19-11
2026,6,San Diego Padres,91,71,0.562,W 2,4.5,4.2,0.3,0,0.3,85-77,6,16-15,14-17,32-20,29-19,51-30,40-41,7-4,26-22,70-50,21-21,33-42,58-29,8-2,17-3,20-10
2026,7,Chicago Cubs,89,73,0.549,W 1,5.2,4.3,0.9,0.1,1,95-67,-6,22-10,26-26,19-11,22-26,46-35,43-38,11-9,23-21,62-54,27-19,41-37,48-36,5-5,9-11,13-17
2026,8,Philadelphia Phillies,88,74,0.543,W 1,4.4,4.3,0.1,0.1,0.2,83-79,5,28-24,15-17,19-11,26-22,43-38,45-36,7-6,25-16,59-47,29-27,31-38,57-36,4-6,8-12,15-15
2026,9,Boston Red Sox,87,75,0.537,L 1,4.3,3.8,0.5,0,0.5,90-72,-3,25-27,20-11,15-16,27-21,41-40,46-35,7-4,21-21,61-58,26-17,36-35,51-40,5-5,10-10,14-16
2026,10,Arizona Diamondbacks,86,76,0.531,L 2,4.6,4.5,0.1,0,0.1,82-80,4,14-17,16-15,32-20,24-24,45-36,41-40,9-8,28-21,58-63,28-13,35-40,51-36,6-4,12-8,17-13
2026,11,Cleveland Guardians,85,77,0.525,L 1,4.2,4.1,0.1,-0.1,0,82-80,3,12-19,29-23,19-12,25-23,41-40,44-37,7-5,27-22,52-51,33-26,25-36,60-41,8-2,13-7,19-11
2026,12,Chicago White Sox,84,78,0.519,W 1,4.8,4.4,0.3,-0.1,0.3,87-75,-3,12-19,33-19,18-13,21-27,48-33,36-45,7-10,25-22,61-51,23-27,26-40,58-38,7-3,10-10,15-15
2026,13,Pittsburgh Pirates,82,80,0.506,W 1,4.7,4.6,0.2,0.1,0.3,84-78,-2,11-21,26-26,13-17,32-16,44-37,38-43,6-10,28-21,64-47,18-33,35-40,47-40,7-3,12-8,19-11
2026,14,Houston Astros,81,81,0.5,W 2,4.5,4.7,-0.2,-0.2,-0.4,78-84,3,14-16,20-12,26-26,21-27,39-42,42-39,7-8,15-18,65-56,16-25,29-26,52-55,5-5,8-12,15-15
2026,15,Texas Rangers,80,82,0.494,L 1,4.2,4.4,-0.3,-0.2,-0.5,76-86,4,18-14,14-16,23-29,25-23,45-36,35-46,4-2,23-17,52-62,28-20,33-38,47-44,4-6,10-10,14-16
2026,16,Miami Marlins,80,82,0.494,W 1,4.4,4.4,0,0.1,0.1,81-81,-1,24-28,16-15,18-13,22-26,47-34,33-48,4-7,20-20,62-54,18-28,33-50,47-32,5-5,9-11,13-17
2026,17,Baltimore Orioles,79,82,0.491,L 1,4.5,4.6,-0.1,0,-0.1,78-83,1,22-29,19-12,17-14,21-27,39-42,40-40,8-8,18-24,55-55,24-27,34-47,45-35,6-4,10-10,16-14
2026,18,Toronto Blue Jays,79,83,0.488,W 1,4,4.3,-0.3,0,-0.3,76-86,3,25-27,14-17,16-15,24-24,42-39,37-44,6-7,20-24,54-62,25-21,38-46,41-37,4-6,8-12,15-15
2026,19,Minnesota Twins,77,85,0.475,W 1,4.6,4.9,-0.4,0,-0.4,75-87,2,16-15,25-27,18-13,18-30,42-39,35-46,5-6,18-23,53-58,24-27,33-44,44-41,6-4,9-11,13-17
2026,20,St. Louis Cardinals,77,85,0.475,L 4,4.4,4.6,-0.2,0.1,-0.1,78-84,-1,15-15,24-28,15-17,23-25,38-43,39-42,9-10,24-30,51-63,26-22,44-45,33-40,2-8,6-14,11-19
2026,21,Washington Nationals,77,85,0.475,W 1,5.1,5,0,0.1,0.1,82-80,-5,18-34,18-13,13-18,28-20,39-42,38-43,9-5,18-22,49-63,28-22,33-48,44-37,6-4,10-10,16-14
2026,22,Seattle Mariners,76,86,0.469,W 2,4.1,4.5,-0.4,-0.2,-0.5,75-87,1,12-19,13-18,28-24,23-25,43-38,33-48,8-8,26-25,50-57,26-29,34-37,42-49,6-4,10-10,13-17
2026,23,Detroit Tigers,76,86,0.469,L 1,4.5,4,0.4,-0.1,0.3,89-73,-13,15-16,18-34,19-12,24-24,42-39,34-47,5-9,17-27,57-57,19-29,31-48,45-38,4-6,11-9,14-16
2026,24,Cincinnati Reds,75,87,0.463,L 1,4.1,5.1,-1,0.2,-0.8,65-97,10,14-17,19-33,13-18,29-19,38-43,37-44,9-5,26-17,57-61,18-26,38-53,37-34,4-6,7-13,13-17
2026,25,New York Mets,74,88,0.457,L 1,4.3,4.5,-0.2,0.1,-0.1,78-84,-4,27-25,10-21,14-17,23-25,36-45,38-43,10-8,17-23,53-60,21-28,36-48,38-40,5-5,10-10,14-16
2026,26,Kansas City Royals,69,93,0.426,W 1,4.3,5,-0.7,0,-0.8,69-93,0,7-24,25-27,18-13,19-29,41-40,28-53,4-7,21-26,54-61,15-32,23-52,46-41,2-8,6-14,11-19
2026,27,San Francisco Giants,65,97,0.401,L 5,4.1,4.7,-0.6,0.1,-0.5,72-90,-7,14-17,18-13,17-35,16-32,37-44,28-53,7-7,16-29,46-64,19-33,32-56,33-41,2-8,7-13,11-19
2026,28,Athletics,64,98,0.395,L 2,4.3,5.8,-1.5,-0.1,-1.6,60-102,4,10-21,7-24,28-24,19-29,32-49,32-49,7-6,23-23,43-64,21-34,24-44,40-54,3-7,8-12,13-17
2026,29,Los Angeles Angels,62,100,0.383,L 2,4,4.6,-0.6,-0.1,-0.7,71-91,-9,13-18,9-22,25-27,15-33,34-47,28-53,6-14,19-29,46-66,16-34,23-48,39-52,4-6,8-12,10-20
2026,30,Colorado Rockies,58,104,0.358,L 1,4.6,5.8,-1.2,0.1,-1.1,64-98,-6,11-21,11-19,16-36,20-28,32-49,26-55,3-7,17-25,41-69,17-35,25-65,33-39,2-8,3-17,7-2
2025,1,Milwaukee Brewers,97,65,0.599,5,3.9,1.1,0,1,99-63,-2,21-9,31-21,17-15,28-20,52-29,45-36,7-5,28-20,68-47,29-18,46-38,51-27,,,,
2025,2,Philadelphia Phillies,96,66,0.593,4.8,4,0.8,-0.1,0.7,94-68,2,31-21,14-16,20-12,31-17,55-26,41-40,9-6,26-21,73-41,23-25,45-35,51-31,,,,
2025,3,Toronto Blue Jays,94,68,0.58,4.9,4.5,0.5,0.1,0.5,88-74,6,29-23,16-15,19-12,30-18,54-27,40-41,10-4,27-20,70-52,24-16,49-41,45-27,,,,
2025,4,New York Yankees,94,68,0.58,5.2,4.2,1,0,1,97-65,-3,27-25,21-10,20-11,26-22,50-31,44-37,6-8,23-22,75-51,19-17,45-44,49-24,,,,
2025,5,Los Angeles Dodgers,93,69,0.574,5.1,4.2,0.9,-0.1,0.7,95-67,-2,18-13,12-19,36-16,27-21,52-29,41-40,8-7,25-24,69-46,24-23,48-37,45-32,,,,
2025,6,Chicago Cubs,92,70,0.568,4.9,4,0.9,0,0.9,96-66,-4,15-15,30-22,17-15,30-18,50-31,42-39,6-5,25-19,73-47,19-23,38-46,54-24,,,,
2025,7,Seattle Mariners,90,72,0.556,4.7,4.3,0.4,0,0.4,88-74,2,10-20,21-11,34-18,25-23,51-30,39-42,10-11,31-22,63-52,27-20,47-43,43-29,,,,
2025,8,San Diego Padres,90,72,0.556,4.3,3.8,0.5,-0.1,0.4,90-72,0,20-11,18-13,32-20,20-28,52-29,38-43,8-4,30-23,64-49,26-23,43-43,47-29,,,,
2025,9,Boston Red Sox,89,73,0.549,4.9,4.2,0.7,0,0.7,92-70,-3,32-20,17-14,14-17,26-22,48-33,41-40,8-12,23-27,65-52,24-21,44-43,45-30,,,,
2025,10,Cleveland Guardians,88,74,0.543,4,4,0,0,0,80-82,8,17-15,36-16,15-15,20-28,45-36,43-38,12-6,26-20,66-50,22-24,42-47,46-27,,,,
2025,11,Houston Astros,87,75,0.537,4.2,4.1,0.1,-0.1,0.1,83-79,4,16-16,15-15,25-27,31-17,46-35,41-40,8-7,27-17,68-61,19-14,43-43,44-32,,,,
2025,12,Detroit Tigers,87,75,0.537,4.7,4.3,0.4,-0.1,0.4,88-74,-1,19-12,30-22,15-16,23-25,46-35,41-40,5-8,21-12,62-58,25-17,44-43,43-32,,,,
2025,13,New York Mets,83,79,0.512,4.7,4.4,0.3,-0.1,0.3,86-76,-3,25-27,15-16,19-12,24-24,49-32,34-47,6-7,23-26,58-57,25-22,40-40,43-39,,,,
2025,14,Cincinnati Reds,83,79,0.512,4.4,4.2,0.2,0,0.2,85-77,-2,14-18,26-26,17-13,26-22,45-36,38-43,3-12,22-22,62-54,21-25,44-42,39-37,,,,
2025,15,Kansas City Royals,82,80,0.506,4,3.9,0.1,0,0.1,83-79,-1,13-17,26-26,17-15,26-22,43-38,39-42,7-5,24-20,62-67,20-13,37-51,45-29,,,,
2025,16,San Francisco Giants,81,81,0.5,4.4,4.2,0.1,-0.1,0.1,83-79,-2,16-15,17-14,24-28,24-24,42-39,39-42,9-6,28-30,64-53,17-28,40-45,41-36,,,,
2025,17,Texas Rangers,81,81,0.5,4.2,3.7,0.5,0,0.5,90-72,-9,15-16,16-15,25-27,25-23,48-33,33-48,9-8,21-29,64-57,17-24,37-51,44-30,,,,
2025,18,Arizona Diamondbacks,80,82,0.494,4.9,4.8,0,-0.1,0,82-80,-2,15-15,14-18,26-26,25-23,43-38,37-44,7-12,21-28,59-57,21-25,48-53,32-29,,,,
2025,19,Miami Marlins,79,83,0.488,4.4,4.9,-0.5,0,-0.6,72-90,7,23-29,16-16,14-16,26-22,38-43,41-40,10-4,22-22,58-57,21-26,43-47,36-36,,,,
2025,20,St. Louis Cardinals,78,84,0.481,4.3,4.7,-0.4,0.1,-0.3,74-88,4,16-15,24-28,16-15,22-26,44-37,34-47,4-8,26-21,54-62,24-22,45-56,33-28,,,,
2025,21,Tampa Bay Rays,77,85,0.475,4.4,4.2,0.2,0.1,0.3,84-78,-7,20-32,13-18,16-15,28-20,41-40,36-45,5-7,22-29,57-58,20-27,44-57,33-28,,,,
2025,22,Athletics,76,86,0.469,4.5,5,-0.5,0,-0.5,73-89,3,14-17,19-12,23-29,20-28,36-45,40-41,9-5,20-21,55-68,21-18,45-58,31-28,,,,
2025,23,Atlanta Braves,76,86,0.469,4.5,4.5,-0.1,0,-0.1,80-82,-4,30-22,15-16,9-22,22-26,39-42,37-44,8-8,21-35,53-67,23-19,39-55,37-31,,,,
2025,24,Baltimore Orioles,75,87,0.463,4.2,4.9,-0.7,0.1,-0.6,70-92,5,22-30,12-19,17-14,24-24,39-42,36-45,6-6,27-24,53-62,22-25,43-58,32-29,,,,
2025,25,Los Angeles Angels,72,90,0.444,4.2,5.2,-1,0.1,-0.9,65-97,7,14-17,13-18,23-29,22-26,39-42,33-48,9-5,28-21,61-73,11-17,44-60,28-30,,,,
2025,26,Pittsburgh Pirates,71,91,0.438,3.6,4,-0.4,0.1,-0.3,74-88,-3,18-14,19-33,17-13,17-31,44-37,27-54,7-7,25-35,56-70,15-21,39-60,32-31,,,,
2025,27,Minnesota Twins,70,92,0.432,4.2,4.8,-0.6,0,-0.5,71-91,-1,16-14,20-32,14-18,20-28,38-43,32-49,4-11,15-27,57-69,13-23,43-60,27-32,,,,
2025,28,Washington Nationals,66,96,0.407,4.2,5.5,-1.3,0,-1.3,61-101,5,21-31,11-20,15-16,19-29,32-49,34-47,5-3,24-18,48-66,18-30,34-55,32-41,,,,
2025,29,Chicago White Sox,60,102,0.37,4,4.6,-0.6,0.1,-0.5,71-91,-11,11-21,18-34,10-20,21-27,33-48,27-54,3-7,15-36,45-79,15-23,33-71,27-31,,,,
2025,30,Colorado Rockies,43,119,0.265,3.7,6.3,-2.6,0.1,-2.5,44-118,-1,9-23,10-20,12-40,12-36,25-56,18-63,1-5,18-23,35-85,8-34,15-85,28-34,,,,