season,team,conference,games,w,l,t,ba,ob_pct,slg_pct,ab,r,h,x2b,x3b,tb,hr,ibb,bb,sb,sba,hbp,rbi,sf,sh,k,kl,dp,gdp,tp,cs,picked,go,fo,opponent_ba,opponent_ob_pct,opponent_slg_pct,opponent_ab,opponent_r,opponent_h,opponent_2b,opponent_3b,opponent_tb,opponent_hr,opponent_ibb,opponent_bb,opponent_sb,opponent_sba,opponent_hbp,opponent_rbi,opponent_sf,opponent_sh,opponent_k,opponent_kl,opponent_dp,opponent_gdp,opponent_tp,opponent_cs,opponent_picked,opponent_go,opponent_fo
2024,St. Thomas (MN),Summit League,50,16,34,0,0.256,0.349,0.406,1238,204,317,63,6,503,37,0,163,50,66,18,185,9,19,295,94,13,6,0,16,0,286,335,0.325,0.401,0.492,1300,318,423,67,16,639,39,0,155,63,73,29,283,30,22,151,52,16,10,0,10,0,362,367
2024,N.C. Central,MEAC,56,20,36,0,0.253,0.329,0.356,1416,168,358,59,9,504,23,0,137,28,41,31,155,13,37,294,58,15,7,0,13,0,340,420,0.309,0.404,0.422,1471,326,454,60,10,621,29,0,218,104,122,32,296,21,29,195,63,30,11,0,18,0,472,330
2024,NC State,ACC,53,30,23,0,0.272,0.38,0.479,1248,268,339,58,9,598,61,1,191,73,86,36,254,14,11,196,64,24,10,0,13,0,306,396,0.245,0.335,0.403,1292,229,317,45,12,521,45,0,143,29,37,39,221,15,15,240,64,15,7,0,8,0,331,381
2024,North Dakota St.,Summit League,54,17,37,0,0.233,0.311,0.344,1389,178,324,47,7,478,31,0,143,44,54,18,152,10,24,259,60,9,3,0,10,0,344,452,0.306,0.379,0.457,1433,275,438,66,14,655,41,2,163,51,59,18,252,21,26,184,56,16,4,0,8,0,403,398
2024,North Dakota,Summit League,54,12,42,0,0.21,0.292,0.262,1388,129,291,40,3,364,9,0,136,28,34,29,122,11,13,294,109,21,16,0,6,0,381,404,0.286,0.38,0.419,1438,265,411,93,12,603,25,0,206,47,67,15,228,6,24,280,62,17,8,0,20,0,445,289
2024,North Texas,The American,56,32,24,0,0.261,0.352,0.42,1400,235,365,71,10,588,44,1,174,44,55,29,211,12,21,279,76,12,5,0,11,0,287,471,0.24,0.332,0.347,1387,210,333,43,3,481,33,0,176,33,43,20,194,12,31,267,67,28,10,0,10,0,449,341
2024,ULM,Sun Belt,55,31,24,0,0.282,0.359,0.375,1413,261,398,53,11,530,19,0,162,88,106,22,223,24,42,176,46,16,10,0,18,0,444,400,0.241,0.336,0.361,1384,171,333,46,2,500,39,0,186,37,43,19,156,12,25,228,61,22,11,0,6,0,424,400
2024,Northern Colo.,Big Sky,53,27,26,0,0.26,0.353,0.398,1385,248,360,73,8,551,34,0,165,58,73,39,227,9,8,225,63,22,8,0,15,0,351,422,0.271,0.338,0.4,1401,238,379,75,10,561,29,0,118,39,46,29,226,9,27,307,86,11,6,0,7,0,298,406
2024,NIU,MAC,52,18,34,0,0.276,0.339,0.402,1390,223,383,63,10,559,31,1,116,113,143,26,202,15,21,229,38,10,3,0,30,0,357,407,0.288,0.381,0.434,1379,280,397,72,9,598,37,3,191,35,42,28,260,19,24,214,52,18,7,0,7,0,295,456
2024,UNI,MVC,50,33,17,0,0.261,0.375,0.444,1267,246,331,61,7,562,52,1,217,62,82,25,226,17,8,301,67,15,7,0,20,0,256,365,0.257,0.328,0.371,1287,185,331,31,5,477,35,1,112,40,47,30,168,11,30,311,69,11,5,0,7,0,330,323
2024,Northern Ky.(),Horizon,49,27,22,0,0.281,0.36,0.39,1129,184,317,71,8,440,12,0,119,46,50,25,163,8,46,196,60,12,6,0,4,0,303,327,0.262,0.356,0.39,1091,170,286,60,8,425,21,0,149,35,46,18,164,13,33,219,49,8,4,0,11,0,261,327
2024,Northwestern St.,Southland,50,19,31,0,0.243,0.319,0.336,1241,156,302,54,14,417,11,0,119,41,54,27,138,16,37,198,37,17,7,0,13,0,324,434,0.26,0.343,0.369,1267,211,330,61,11,467,18,0,144,55,71,23,193,16,30,232,66,20,9,0,16,0,398,298
2024,Northwestern,Big Ten,48,35,13,0,0.273,0.389,0.48,1217,261,332,57,6,584,61,1,186,45,55,54,238,13,18,248,69,11,6,0,10,0,251,379,0.227,0.32,0.36,1175,145,267,53,8,423,29,1,140,15,28,24,131,8,15,244,64,19,9,0,13,0,358,292
2024,Notre Dame,ACC,50,27,23,0,0.29,0.366,0.405,1342,248,389,53,6,544,30,0,143,43,50,27,222,15,31,179,41,18,7,0,7,0,416,349,0.295,0.369,0.459,1381,258,407,71,12,634,44,1,150,32,45,19,238,12,17,264,60,12,5,0,13,0,371,335
2024,Oakland,Horizon,44,25,19,0,0.267,0.343,0.375,1174,176,314,54,15,440,14,0,107,34,42,33,152,10,27,210,54,4,2,0,8,0,316,329,0.271,0.342,0.38,1185,155,321,53,11,450,18,0,99,35,42,31,142,2,24,156,48,12,3,0,7,0,364,318
2024,Ohio St.,Big Ten,51,31,20,0,0.298,0.388,0.497,1370,302,408,58,10,681,65,1,173,38,45,34,283,8,22,229,66,17,4,0,7,0,334,392,0.271,0.352,0.438,1332,246,361,74,10,584,43,3,154,22,35,21,220,17,29,279,88,13,6,0,13,0,265,422
2024,Ohio,MAC,55,31,24,0,0.276,0.344,0.412,1466,247,405,69,8,604,38,0,137,36,43,21,213,12,35,176,52,13,7,0,7,0,409,465,0.27,0.343,0.372,1439,206,389,53,8,536,26,0,127,75,86,36,186,8,28,210,55,15,5,0,11,0,413,406
2024,Oklahoma St.,Big 12,61,49,12,0,0.307,0.388,0.554,1548,363,475,85,11,858,92,0,184,45,56,32,338,18,34,223,49,21,11,0,11,0,383,481,0.211,0.28,0.309,1465,146,309,45,3,453,31,0,123,21,32,20,131,5,14,315,73,16,8,0,11,0,539,284
2024,Oklahoma(),Big 12,66,59,7,0,0.362,0.468,0.649,1710,518,619,109,8,1110,122,3,337,66,80,28,484,26,10,179,42,26,15,0,14,0,386,523,0.19,0.276,0.316,1487,129,282,37,2,470,49,0,142,17,23,37,123,3,11,393,79,25,17,0,6,0,418,381
2024,Oregon St.,Pac-12,50,21,29,0,0.228,0.299,0.334,1279,145,292,47,5,427,26,0,114,22,28,19,126,10,18,254,75,11,9,0,6,0,335,397,0.269,0.338,0.437,1336,196,360,58,8,584,50,0,114,32,42,29,188,7,26,223,74,6,4,0,10,0,313,437
2024,Oregon,Pac-12,51,30,21,0,0.308,0.379,0.497,1381,282,425,78,11,687,54,1,136,90,109,32,250,17,19,215,38,11,3,0,19,0,350,379,0.264,0.327,0.41,1309,176,346,49,8,537,42,6,104,23,36,24,166,13,21,204,42,14,6,0,13,0,346,417
2024,Pacific,WCC,53,17,36,0,0.246,0.305,0.338,1303,155,320,58,4,440,18,0,94,27,32,23,143,14,38,175,45,12,6,0,5,0,384,439,0.298,0.378,0.459,1449,296,432,90,10,665,41,0,145,94,102,47,276,10,30,192,55,10,3,0,8,0,373,430
2024,Penn St.,Big Ten,55,35,20,0,0.279,0.353,0.476,1446,267,404,92,17,689,53,0,143,50,64,29,249,13,37,276,55,15,7,0,14,0,372,405,0.248,0.329,0.39,1481,227,368,76,7,578,40,9,153,37,46,26,209,5,24,320,97,8,1,1,9,0,385,387
2024,Penn,Ivy League,40,11,29,0,0.263,0.352,0.34,1068,152,281,37,9,363,9,0,129,44,51,24,130,11,19,209,68,16,5,0,7,0,341,238,0.317,0.392,0.479,1110,229,352,74,11,532,28,0,122,52,57,25,202,17,21,88,27,25,10,0,5,0,271,394
2024,Pittsburgh,ACC,49,17,32,0,0.244,0.323,0.406,1191,169,291,36,5,484,49,0,118,40,49,22,155,4,33,200,51,16,9,0,9,0,352,357,0.32,0.406,0.539,1285,291,411,51,10,692,70,0,154,36,50,47,273,21,17,138,45,11,9,0,14,0,294,447
2024,Portland St.(),Big Sky,43,19,24,0,0.275,0.352,0.373,1279,198,352,60,10,477,15,0,117,30,39,39,178,8,34,196,55,10,4,0,9,0,409,319,0.272,0.345,0.39,1250,204,340,55,7,487,26,0,113,57,71,33,179,13,29,220,50,11,8,0,14,0,328,358
2024,Prairie View,SWAC,48,29,19,0,0.301,0.399,0.454,1161,276,349,67,6,527,33,1,181,97,106,23,248,21,25,234,63,8,5,0,9,0,278,308,0.296,0.364,0.406,1202,209,356,72,6,488,16,0,114,39,45,22,186,15,23,142,43,10,2,0,6,0,339,346
2024,Princeton,Ivy League,48,30,18,0,0.279,0.366,0.412,1199,209,335,58,13,494,25,0,142,65,88,28,189,12,38,142,49,11,1,0,23,0,368,369,0.276,0.365,0.372,1234,197,340,59,12,459,12,0,169,69,84,15,177,17,23,252,69,12,2,0,15,0,327,329
2024,Providence,Big East,46,22,23,1,0.277,0.353,0.406,1185,206,328,63,6,481,26,0,114,28,36,30,184,8,32,197,42,16,9,0,8,0,338,316,0.275,0.366,0.397,1153,189,317,57,6,458,24,0,148,49,65,26,161,16,21,250,61,6,3,0,16,0,256,333
2024,Purdue,Big Ten,52,25,27,0,0.254,0.348,0.355,1356,208,344,60,18,482,14,0,160,97,113,45,179,17,32,315,70,16,6,0,16,0,337,369,0.26,0.332,0.433,1402,219,365,53,9,607,57,2,132,44,52,29,203,22,20,175,50,13,6,0,8,0,330,532
2024,Quinnipiac,MAAC,45,20,25,0,0.258,0.323,0.33,1177,166,304,51,6,388,7,0,91,51,67,26,138,11,26,171,51,12,3,0,16,0,328,361,0.282,0.368,0.411,1182,197,333,65,17,486,18,0,133,49,65,34,176,9,30,183,55,12,0,0,16,0,336,328
2024,Radford,Big South,47,24,23,0,0.258,0.335,0.391,1165,199,300,44,9,455,31,0,127,73,78,17,179,18,30,230,59,12,5,0,5,0,284,364,0.287,0.365,0.432,1220,213,350,44,2,527,43,1,132,79,89,24,202,11,25,164,34,17,8,0,10,0,349,358
2024,Rhode Island,Atlantic 10,52,15,37,0,0.244,0.315,0.328,1303,143,318,49,6,427,16,0,111,54,70,29,128,11,21,201,45,18,10,0,16,0,387,392,0.304,0.384,0.408,1370,252,416,67,11,559,18,0,145,68,77,42,224,14,23,166,34,15,5,0,9,0,354,421
2024,Rider,MAAC,51,23,28,0,0.271,0.344,0.37,1326,167,360,67,6,490,17,0,125,13,16,26,152,7,33,243,67,16,4,0,3,0,392,330,0.26,0.34,0.4,1312,203,341,65,13,525,31,0,116,46,62,50,179,11,32,227,45,11,3,0,16,0,288,442
2024,Robert Morris,Horizon,44,20,24,0,0.264,0.339,0.365,1113,153,294,49,6,406,17,1,108,15,19,21,135,6,31,176,47,3,1,0,4,0,317,325,0.274,0.358,0.396,1082,175,297,53,6,428,22,0,128,63,75,18,165,9,24,195,39,8,5,0,12,0,293,303
2024,Rutgers,Big Ten,55,33,22,0,0.299,0.389,0.462,1514,329,453,72,15,699,48,5,190,47,58,48,293,25,26,189,58,18,6,0,11,0,362,509,0.242,0.328,0.353,1407,217,341,51,6,497,31,1,157,40,53,30,189,16,33,269,71,22,5,0,13,0,429,364
2024,Sacred Heart,NEC,56,27,29,0,0.25,0.317,0.358,1437,180,359,60,6,515,28,3,124,25,37,21,170,10,28,252,65,9,1,0,12,0,380,437,0.262,0.349,0.388,1428,232,374,59,5,554,37,1,155,68,73,44,212,16,29,270,98,12,3,0,5,0,329,462
2024,St. Bonaventure,Atlantic 10,43,4,39,0,0.191,0.291,0.26,977,97,187,35,4,254,8,0,124,26,35,16,91,6,13,253,86,5,3,0,9,0,279,246,0.383,0.471,0.558,1180,383,452,89,18,658,27,2,182,91,104,35,338,22,27,121,31,7,3,0,13,0,275,317
2024,Saint Francis(),NEC,55,41,14,0,0.303,0.382,0.453,1451,313,439,75,10,657,41,0,155,100,115,42,280,16,11,258,74,11,6,0,15,0,344,398,0.181,0.268,0.235,1294,126,234,39,5,304,7,0,136,45,56,21,101,7,27,352,73,9,6,0,11,0,483,209
2024,St. John's (NY),Big East,58,31,27,0,0.254,0.341,0.365,1516,222,385,67,3,554,32,1,157,69,76,48,199,11,13,305,77,13,6,0,7,0,310,495,0.243,0.331,0.348,1490,186,362,77,7,519,22,0,176,61,75,23,173,6,26,395,80,14,5,0,14,0,372,344
2024,Saint Joseph's,Atlantic 10,52,22,30,0,0.269,0.345,0.37,1307,205,352,68,12,483,13,0,144,68,81,16,174,19,21,223,45,22,2,0,13,0,345,376,0.308,0.405,0.436,1346,267,414,77,3,587,30,0,189,60,68,42,231,17,30,194,59,15,8,0,8,0,386,351
2024,Saint Louis,Atlantic 10,53,31,22,0,0.275,0.363,0.419,1396,260,384,70,10,585,37,2,172,36,44,25,232,9,28,268,67,11,1,0,8,0,329,414,0.275,0.353,0.364,1354,183,372,45,8,493,20,0,141,42,51,31,164,17,45,245,66,22,6,0,9,0,405,361
2024,Saint Mary's (CA)(),WCC,54,30,24,0,0.289,0.365,0.394,1405,248,406,57,17,554,19,0,122,104,119,54,219,15,32,225,59,27,6,0,15,0,397,378,0.261,0.341,0.379,1377,198,359,60,5,522,31,1,124,55,69,50,181,13,32,190,50,15,5,0,14,0,344,487
2024,Saint Peter's,MAAC,50,16,34,0,0.277,0.336,0.417,1353,205,375,78,9,564,31,1,101,42,52,24,189,10,30,223,62,9,4,0,10,0,354,386,0.354,0.417,0.565,1390,329,492,109,11,785,54,3,133,62,70,31,308,20,35,123,28,14,6,0,8,0,330,457
2024,Sam Houston,CUSA,50,20,30,0,0.259,0.335,0.388,1305,182,338,61,7,506,31,1,124,31,44,29,164,9,31,217,56,12,4,0,13,0,409,345,0.266,0.344,0.411,1304,214,347,53,5,536,42,0,139,51,63,23,196,13,30,208,57,9,4,0,12,0,340,415
2024,Samford,SoCon,56,24,32,0,0.282,0.356,0.393,1495,265,421,46,8,588,35,2,154,54,67,31,236,23,44,217,74,14,7,0,13,0,353,514,0.26,0.356,0.374,1410,248,367,59,12,528,26,0,195,47,60,21,219,11,34,268,67,14,10,0,13,0,386,387
2024,San Diego St.(),Mountain West,51,31,20,0,0.285,0.36,0.397,1333,229,380,58,5,529,27,3,144,62,74,22,205,16,27,202,61,14,4,0,12,0,407,357,0.279,0.319,0.388,1384,167,386,53,16,537,22,0,64,27,33,23,148,10,27,181,73,26,10,0,6,0,447,368
2024,San Diego,WCC,56,18,38,0,0.267,0.325,0.357,1463,187,391,71,14,523,11,1,100,27,29,29,163,7,35,200,48,21,10,0,2,0,454,401,0.293,0.379,0.43,1462,306,429,83,16,628,28,0,174,53,73,42,280,22,35,224,47,17,11,0,20,0,404,408
2024,San Jose St.,Mountain West,45,18,27,0,0.269,0.329,0.374,1116,162,300,43,13,417,16,1,96,30,36,9,145,11,33,161,47,11,5,0,6,0,371,291,0.333,0.402,0.498,1218,269,405,62,13,607,38,1,121,70,76,32,244,18,27,158,46,9,5,0,6,0,326,332
2024,Santa Clara,WCC,53,30,23,0,0.274,0.345,0.38,1423,238,390,52,6,541,29,0,139,102,116,24,208,18,29,204,54,18,6,0,14,0,404,405,0.29,0.361,0.415,1417,231,411,68,14,588,27,0,124,46,56,38,206,10,38,174,55,21,10,0,10,0,383,456
2024,Seton Hall,Big East,50,27,23,0,0.277,0.373,0.418,1346,215,373,70,4,562,37,1,183,13,19,30,204,11,11,204,61,23,15,0,6,0,343,416,0.257,0.354,0.36,1267,196,326,54,8,456,20,1,156,46,59,40,181,13,35,209,77,16,9,0,13,0,383,372
2024,Siena(),MAAC,55,33,22,0,0.264,0.349,0.359,1423,240,375,73,6,511,17,0,147,72,82,47,211,12,39,223,65,13,2,0,10,0,441,386,0.254,0.35,0.342,1386,175,352,58,5,474,18,0,160,50,61,51,170,10,40,248,87,21,6,0,11,0,414,385
2024,South Alabama,Sun Belt,55,34,20,1,0.249,0.324,0.375,1448,212,360,62,14,543,31,1,149,54,66,21,188,17,37,197,48,26,13,0,12,0,427,467,0.226,0.294,0.338,1481,167,334,57,7,501,32,4,117,57,65,31,156,9,22,294,94,9,7,0,8,0,289,559
2024,South Carolina St.,MEAC,42,12,30,0,0.223,0.28,0.277,1034,106,231,33,2,286,6,0,68,51,66,16,83,5,10,206,56,15,3,0,15,0,284,285,0.275,0.367,0.358,1071,222,295,46,12,383,6,0,142,128,143,19,192,12,17,145,53,12,5,0,15,0,322,273
2024,South Carolina,SEC,60,36,24,0,0.242,0.341,0.365,1554,232,376,71,9,567,34,1,195,54,70,48,214,19,26,326,79,24,11,0,16,0,348,507,0.213,0.3,0.302,1564,167,333,61,8,473,21,5,167,27,42,31,150,9,18,318,79,33,23,1,15,0,526,369
2024,South Dakota St.,Summit League,55,33,22,0,0.276,0.354,0.455,1391,265,384,77,17,633,46,1,162,24,31,14,247,17,32,270,67,14,4,0,7,0,287,463,0.222,0.339,0.321,1295,190,288,48,4,416,24,0,197,30,49,36,177,7,16,346,91,21,10,0,19,0,341,313
2024,South Dakota,Summit League,53,23,30,0,0.24,0.298,0.329,1408,172,338,56,6,463,19,0,102,24,35,18,158,8,22,223,71,15,6,0,11,0,436,390,0.262,0.331,0.365,1387,200,363,52,8,506,25,0,130,72,80,16,168,7,37,286,71,14,6,0,8,0,404,332
2024,South Fla.,The American,56,34,22,0,0.252,0.35,0.349,1462,221,369,64,10,510,19,0,180,48,61,48,205,15,41,201,60,15,3,0,13,0,449,443,0.231,0.315,0.34,1452,182,336,46,6,493,33,5,154,33,43,28,167,9,34,276,90,23,11,0,10,0,426,425
2024,Southeast Mo. St.(),OVC,54,28,26,0,0.282,0.345,0.389,1426,238,402,74,5,555,23,1,129,60,71,17,208,18,19,247,59,13,5,0,11,0,382,377,0.262,0.331,0.349,1385,217,363,37,4,483,25,2,134,45,58,15,195,13,25,176,48,21,11,0,13,0,444,386
2024,Southeastern La.(),Southland,62,47,15,0,0.339,0.404,0.467,1582,369,537,76,24,739,26,0,161,175,207,23,304,20,66,234,64,17,5,0,32,0,450,369,0.221,0.289,0.299,1492,155,330,54,13,446,12,0,128,41,55,19,137,10,35,237,55,18,8,0,14,0,536,386
2024,Southern Ill.(),MVC,55,44,11,0,0.27,0.372,0.419,1385,275,374,62,8,581,43,3,200,48,55,38,249,22,17,232,78,17,4,0,7,0,299,469,0.199,0.268,0.289,1303,118,259,32,5,376,25,0,115,28,42,12,110,10,28,313,55,12,3,0,14,0,271,463
2024,SIUE,OVC,54,19,35,0,0.28,0.335,0.372,1474,226,412,75,5,548,17,1,117,45,60,14,192,18,38,201,59,18,7,1,15,0,479,377,0.278,0.331,0.415,1465,246,408,88,14,608,28,0,108,60,66,18,219,21,34,230,61,12,5,0,6,0,332,491
2024,Southern Miss.,Sun Belt,51,22,29,0,0.257,0.345,0.395,1336,230,344,69,8,528,33,4,162,26,30,21,204,10,32,261,78,6,5,0,4,0,291,437,0.284,0.372,0.423,1298,254,369,47,11,549,37,0,164,55,68,32,232,23,40,142,40,13,6,0,13,0,326,482
2024,Southern U.,SWAC,36,14,22,0,0.259,0.331,0.355,1052,159,272,35,9,373,16,0,89,56,81,30,137,9,16,173,36,13,2,0,25,0,289,301,0.294,0.382,0.413,1106,228,325,53,5,457,23,0,137,74,90,31,203,17,20,194,64,5,0,0,16,0,292,284
2024,Southern Utah,WAC,50,21,29,0,0.275,0.339,0.422,1320,199,363,60,7,557,40,1,106,32,44,27,181,9,17,202,45,19,9,0,12,0,280,461,0.323,0.387,0.467,1377,281,445,89,14,643,27,0,124,73,89,31,262,17,24,178,66,17,6,0,16,0,426,315
2024,Missouri St.,MVC,51,19,32,0,0.254,0.336,0.394,1281,201,326,38,6,505,43,2,139,38,54,25,180,15,43,254,54,12,7,0,16,0,326,388,0.311,0.364,0.487,1371,256,426,78,8,667,49,4,105,27,38,18,246,16,24,148,49,11,3,0,11,0,309,486
2024,Texas St.(),Sun Belt,62,47,15,0,0.294,0.37,0.43,1647,307,484,83,12,708,39,1,192,90,109,15,275,15,30,227,94,9,4,1,19,0,461,458,0.216,0.272,0.292,1591,150,344,48,5,465,21,1,99,30,36,25,130,6,15,348,150,26,17,0,6,0,400,465
2024,Louisiana,Sun Belt,64,45,19,0,0.317,0.392,0.482,1692,370,537,74,12,815,60,0,165,85,102,51,332,15,15,169,48,35,19,0,17,0,483,481,0.253,0.32,0.362,1586,196,401,65,6,574,32,4,131,32,35,32,172,16,34,270,65,46,32,0,3,0,513,399
2024,Stanford,Pac-12,67,50,17,0,0.273,0.365,0.438,1736,309,474,83,18,761,56,2,210,48,53,45,280,9,24,312,98,25,15,0,5,0,426,510,0.214,0.286,0.298,1667,152,357,40,5,497,30,1,117,37,44,56,132,10,37,490,119,15,6,0,7,0,378,447
2024,SFA,WAC,55,16,39,0,0.231,0.306,0.286,1404,129,324,39,12,402,5,0,132,39,47,24,117,8,23,289,77,17,13,0,8,0,428,352,0.274,0.338,0.403,1411,221,386,59,12,568,33,3,110,52,68,38,199,19,32,215,48,13,6,0,16,0,360,458
2024,Stetson,ASUN,52,15,37,0,0.245,0.322,0.311,1278,163,313,35,7,398,12,0,120,90,108,30,140,11,34,230,53,5,3,0,18,0,369,375,0.29,0.354,0.422,1370,237,397,54,11,578,35,0,110,61,69,32,215,9,39,180,44,14,9,0,8,0,369,409
2024,Stony Brook,CAA,52,35,17,0,0.285,0.364,0.416,1343,242,383,54,10,559,34,1,141,41,44,32,216,10,44,192,46,16,5,0,3,0,422,346,0.251,0.32,0.378,1330,172,334,51,8,503,34,0,122,28,40,16,159,5,16,219,55,17,6,0,12,0,425,326
2024,Syracuse,ACC,51,28,23,0,0.282,0.36,0.412,1332,245,375,53,8,549,35,2,140,43,53,35,221,19,15,240,63,12,7,0,10,0,311,395,0.231,0.331,0.372,1256,185,290,51,9,467,36,0,156,40,47,34,173,4,20,237,67,14,7,0,7,0,326,390
2024,Tennessee St.,OVC,50,25,25,0,0.273,0.341,0.385,1358,230,371,58,20,523,18,1,130,35,42,20,197,19,26,233,58,10,7,0,7,0,346,400,0.293,0.344,0.413,1382,254,405,70,3,571,30,0,96,59,73,22,218,20,27,179,41,10,4,0,14,0,380,409
2024,Tennessee Tech,OVC,47,23,24,0,0.285,0.356,0.389,1311,228,374,74,7,510,16,1,135,99,112,17,206,16,31,154,45,13,3,1,13,0,363,410,0.294,0.364,0.401,1290,217,379,77,8,517,15,0,124,52,61,29,202,17,28,184,50,17,8,0,9,0,392,337
2024,Chattanooga(),SoCon,58,42,16,0,0.299,0.385,0.475,1506,306,451,84,12,715,52,0,160,53,66,59,278,17,69,257,61,9,6,0,13,0,441,380,0.228,0.342,0.323,1418,196,323,48,9,458,23,2,213,43,65,38,175,11,32,367,86,30,21,0,22,0,369,367
2024,Tennessee,SEC,56,44,12,0,0.289,0.387,0.51,1480,315,428,63,6,755,84,1,195,54,62,47,299,10,10,239,58,21,11,0,8,0,362,427,0.179,0.245,0.266,1350,92,242,35,5,359,24,3,87,17,22,32,81,6,11,401,95,13,8,0,5,0,396,296
2024,UT Martin,OVC,49,27,22,0,0.28,0.339,0.372,1407,230,394,60,11,524,16,0,121,66,70,14,211,20,21,250,59,18,10,0,4,0,397,338,0.235,0.313,0.309,1319,151,310,44,1,407,17,0,133,49,57,21,137,10,28,232,55,9,2,0,8,0,369,410
2024,Texas A&M,SEC,59,44,15,0,0.306,0.405,0.506,1502,371,460,76,10,760,68,4,226,71,86,34,323,16,20,224,74,18,8,0,15,0,360,447,0.211,0.313,0.326,1402,168,296,44,3,457,37,1,171,20,26,40,153,6,21,354,92,23,13,0,6,0,389,353
2024,Texas Southern,SWAC,40,21,19,0,0.275,0.352,0.357,1003,150,276,36,5,358,12,0,118,54,61,8,138,13,31,197,56,6,0,0,7,0,249,292,0.248,0.337,0.339,974,143,242,43,9,330,9,0,108,47,61,26,131,9,23,140,41,7,2,0,14,0,319,264
2024,Texas Tech,Big 12,50,29,21,0,0.311,0.388,0.531,1309,297,407,88,10,695,60,2,142,46,53,30,270,13,8,193,64,16,9,0,7,0,333,356,0.308,0.396,0.499,1303,308,401,80,5,650,53,2,181,40,46,18,286,12,19,182,47,25,9,0,6,0,406,305
2024,UT Arlington,WAC,57,23,34,0,0.272,0.337,0.385,1478,204,402,62,6,569,31,1,132,39,52,18,186,11,16,256,63,30,10,0,13,0,448,349,0.301,0.361,0.469,1543,289,465,90,18,723,44,0,124,46,52,32,259,19,18,175,35,23,6,0,6,0,430,447
2024,Texas,Big 12,65,55,10,0,0.37,0.451,0.611,1720,507,637,99,18,1051,93,3,247,91,105,32,470,31,28,222,68,28,17,0,14,0,428,442,0.201,0.268,0.297,1535,153,308,46,6,456,30,1,110,14,17,34,137,8,12,298,78,31,21,0,3,0,519,383
2024,UTEP,CUSA,47,26,21,0,0.283,0.369,0.448,1230,223,348,75,7,551,38,0,144,24,36,31,205,14,37,205,60,11,1,0,12,0,304,386,0.276,0.37,0.412,1209,209,334,72,4,498,28,2,152,39,46,34,191,11,33,174,56,24,2,0,7,0,377,331
2024,UTSA,The American,57,15,42,0,0.208,0.31,0.317,1358,171,283,53,1,431,31,0,183,39,50,24,155,14,11,394,107,12,7,0,11,0,304,365,0.312,0.413,0.522,1482,349,462,90,10,773,67,6,215,48,63,54,324,18,26,211,67,6,2,0,15,0,300,507
2024,Toledo,MAC,49,26,23,0,0.304,0.358,0.426,1299,220,395,74,9,553,22,0,82,75,89,37,191,16,41,100,19,25,11,0,14,0,378,435,0.261,0.34,0.417,1289,213,336,62,8,537,41,0,139,56,61,21,195,11,24,202,55,8,5,0,5,0,370,374
2024,Towson,CAA,54,22,32,0,0.244,0.313,0.349,1391,151,340,59,9,486,23,0,124,26,32,20,135,9,16,258,57,22,10,0,6,0,388,378,0.291,0.367,0.412,1416,258,412,79,10,583,24,0,163,73,81,21,234,23,34,162,37,17,6,1,8,0,426,415
2024,Troy,Sun Belt,56,34,22,0,0.3,0.387,0.481,1475,315,443,58,8,709,64,0,200,51,55,20,282,20,28,220,60,21,12,0,4,0,386,443,0.257,0.361,0.393,1411,237,362,53,4,555,44,1,199,39,45,36,215,9,41,213,53,17,8,0,6,0,377,479
2024,Tulsa,The American,53,30,23,0,0.299,0.373,0.461,1393,274,417,80,20,642,35,1,139,68,77,31,249,10,24,169,46,15,8,0,9,0,397,402,0.235,0.352,0.359,1266,199,297,50,3,455,34,0,187,30,41,45,173,3,25,272,69,16,7,0,11,0,348,350
2024,Army West Point,Patriot,53,14,39,0,0.244,0.298,0.335,1378,160,336,59,5,462,19,0,96,23,29,13,151,7,35,266,78,13,3,0,6,0,374,401,0.297,0.36,0.429,1443,268,429,87,8,619,29,0,127,58,75,19,241,9,24,218,74,13,6,0,17,0,452,312
2024,Utah St.,Mountain West,50,22,28,0,0.294,0.359,0.435,1292,218,380,53,6,562,39,0,109,24,35,30,201,13,42,191,43,19,8,0,11,0,410,319,0.334,0.4,0.508,1352,269,451,66,19,687,44,3,134,32,45,23,254,12,39,184,54,12,5,0,13,0,365,360
2024,Utah,Pac-12,57,35,22,0,0.303,0.366,0.411,1517,268,459,70,14,623,22,1,143,69,90,15,236,13,32,166,42,17,12,0,21,0,456,418,0.264,0.34,0.397,1467,208,387,73,9,583,35,0,141,30,41,34,186,12,25,312,80,28,19,0,11,0,320,435
2024,Valparaiso,MVC,49,9,40,0,0.224,0.299,0.273,1224,116,274,26,2,334,10,1,113,38,50,18,98,1,26,286,76,17,7,0,12,0,359,282,0.335,0.408,0.509,1328,312,445,83,11,676,42,0,163,86,98,14,290,19,35,137,44,15,6,0,12,0,311,446
2024,Villanova(),Big East,57,33,24,0,0.266,0.384,0.443,1490,297,396,82,4,660,58,1,253,19,24,38,276,10,6,309,100,24,11,0,5,0,337,416,0.27,0.334,0.399,1507,235,407,70,8,601,36,0,128,61,66,24,216,13,20,297,67,8,2,0,5,0,384,403
2024,Virginia Tech,ACC,55,40,14,1,0.342,0.424,0.633,1515,417,518,80,8,959,115,2,211,62,69,17,400,15,6,207,42,17,9,0,7,0,340,432,0.209,0.303,0.339,1279,174,267,30,10,434,39,0,153,39,46,24,151,7,16,397,78,17,10,0,7,0,315,296
2024,Virginia,ACC,54,34,20,0,0.246,0.326,0.376,1398,216,344,55,9,525,36,0,142,68,81,32,200,19,13,256,73,17,5,0,13,0,322,472,0.216,0.313,0.316,1366,162,295,41,6,432,28,0,160,27,38,39,150,11,14,366,89,16,6,0,11,0,320,380
2024,Wagner,NEC,38,8,30,0,0.221,0.303,0.274,981,103,217,25,6,269,5,0,102,42,51,16,81,5,11,174,53,10,6,0,9,0,311,257,0.288,0.381,0.436,979,194,282,75,11,427,16,0,136,48,53,20,178,14,26,161,52,3,0,0,5,0,249,291
2024,Washington,Pac-12,47,32,15,0,0.318,0.402,0.532,1269,268,403,67,8,675,63,1,173,68,80,11,239,8,22,207,55,13,10,0,12,0,335,327,0.226,0.312,0.347,1153,149,261,54,2,400,27,0,128,34,41,19,138,6,11,311,87,15,7,0,7,0,289,289
2024,Weber St.,Big Sky,50,22,28,0,0.274,0.344,0.386,1305,201,357,64,10,504,21,0,115,38,53,28,170,5,43,246,46,8,5,0,15,0,390,313,0.314,0.404,0.454,1334,264,419,81,14,606,26,3,187,48,64,22,241,12,16,129,35,27,13,0,16,0,391,374
2024,Western Caro.,SoCon,53,18,35,0,0.278,0.338,0.414,1422,209,396,57,6,588,41,0,119,61,80,17,194,17,28,283,51,13,9,0,19,0,365,386,0.29,0.371,0.421,1432,258,415,61,8,603,37,0,149,47,52,43,237,12,42,247,65,13,6,0,5,0,356,412
2024,Western Ill.,OVC,50,16,34,0,0.242,0.29,0.322,1305,142,316,63,7,420,9,0,74,60,71,18,125,9,14,231,64,13,4,0,11,0,348,386,0.305,0.373,0.416,1332,253,406,73,15,554,15,0,140,99,110,17,233,20,31,236,50,8,0,0,11,0,357,332
2024,Western Ky.,CUSA,54,33,20,1,0.297,0.387,0.441,1357,253,403,59,7,599,41,2,182,40,51,28,231,15,37,169,42,17,11,0,11,0,358,442,0.249,0.336,0.381,1319,199,328,62,8,502,32,2,161,29,41,22,180,17,29,269,64,21,8,0,12,0,356,366
2024,Western Mich.,MAC,49,27,22,0,0.279,0.339,0.4,1235,201,345,62,6,494,25,0,111,19,26,15,182,27,37,191,49,11,4,0,7,0,352,372,0.232,0.286,0.384,1250,169,290,57,8,480,39,1,90,63,67,7,147,8,18,300,63,6,3,0,4,0,311,327
2024,Wichita St.,The American,50,28,22,0,0.284,0.384,0.524,1293,289,367,76,5,678,75,3,186,23,32,31,272,11,17,202,45,20,8,0,9,0,345,369,0.266,0.371,0.413,1280,229,341,80,9,529,30,1,178,50,56,41,212,10,14,292,68,7,1,0,6,0,298,344
2024,California,Pac-12,56,37,19,0,0.307,0.382,0.53,1496,302,460,86,5,793,79,1,164,63,82,27,274,17,32,239,71,18,11,0,19,0,400,408,0.243,0.342,0.369,1438,203,350,52,6,531,39,0,188,37,51,33,176,12,25,289,66,30,23,0,14,0,400,393
2024,UC Riverside,Big West,47,19,28,0,0.27,0.34,0.373,1246,181,336,59,5,465,20,2,122,47,56,17,159,13,27,198,57,17,6,0,9,0,315,395,0.286,0.346,0.401,1280,201,366,55,4,513,28,5,99,48,62,26,185,14,20,123,31,17,5,0,14,0,360,428
2024,Campbell,CAA,59,37,21,1,0.291,0.353,0.385,1502,240,437,69,17,579,13,0,133,110,135,26,206,28,45,201,53,20,4,0,25,0,425,458,0.209,0.303,0.312,1451,162,303,51,7,452,28,0,171,50,61,29,143,8,22,338,79,24,8,0,11,0,404,388
2024,Canisius,MAAC,45,23,22,0,0.26,0.349,0.406,1167,192,303,51,6,474,36,4,137,44,60,27,183,9,27,279,65,12,9,0,16,0,286,293,0.274,0.351,0.424,1210,211,332,64,3,513,37,0,132,30,42,18,186,13,29,245,52,13,6,0,12,0,264,357
2024,Central Conn. St.,NEC,47,28,19,0,0.26,0.331,0.424,1231,208,320,65,1,522,45,2,115,12,17,20,189,9,14,266,71,10,4,0,5,0,298,325,0.246,0.329,0.385,1195,185,294,62,4,460,32,1,132,31,37,21,166,11,21,231,61,8,2,0,6,0,257,409
2024,UCF,Big 12,56,31,25,0,0.3,0.364,0.445,1505,287,452,79,8,670,41,4,136,74,88,18,265,6,23,217,32,13,7,0,14,0,423,396,0.24,0.331,0.352,1362,181,327,47,5,480,32,0,163,47,56,32,168,18,24,256,72,23,15,0,9,0,458,337
2024,Central Mich.,MAC,50,17,33,0,0.244,0.348,0.356,1268,199,309,72,7,452,19,1,183,38,43,28,176,15,40,262,62,12,5,0,5,0,318,375,0.303,0.377,0.446,1331,272,403,71,4,593,37,3,146,45,60,25,240,22,36,208,44,12,7,0,15,0,319,395
2024,Cleveland St.,Horizon,48,22,26,0,0.273,0.326,0.388,1243,175,339,61,5,482,24,0,78,26,36,23,160,6,44,185,39,9,4,0,10,0,389,337,0.282,0.351,0.404,1261,234,356,62,13,510,22,0,126,44,55,15,211,13,29,252,51,12,3,0,11,0,308,330
2024,Coastal Carolina,Sun Belt,55,34,21,0,0.283,0.384,0.46,1366,285,386,63,3,629,58,0,190,55,68,40,258,10,28,204,62,20,10,0,13,0,299,477,0.265,0.338,0.402,1406,210,373,57,6,565,41,0,129,39,52,28,186,6,28,272,71,15,6,0,13,0,392,365
2024,Colgate,Patriot,50,22,28,0,0.263,0.345,0.386,1295,216,340,57,8,500,29,0,130,54,61,38,196,9,15,190,66,14,8,0,7,0,308,444,0.299,0.383,0.41,1306,259,390,54,4,536,28,0,155,45,60,29,230,10,34,198,62,15,5,0,15,0,454,261
2024,Colorado St.,Mountain West,47,26,21,0,0.323,0.404,0.529,1252,304,404,78,21,662,46,0,139,39,43,41,271,15,8,158,38,13,6,0,4,0,335,338,0.289,0.36,0.414,1172,179,339,57,7,485,25,6,117,48,56,16,166,5,28,154,45,18,3,0,8,0,354,331
2024,Columbia,Ivy League,40,16,24,0,0.265,0.336,0.436,987,146,262,43,7,430,37,0,87,20,26,21,138,7,25,151,31,9,4,0,6,0,279,300,0.33,0.424,0.518,1048,238,346,66,7,543,39,0,155,65,73,20,213,7,21,103,43,10,4,0,8,0,242,350
2024,UConn,Big East,55,31,24,0,0.264,0.353,0.407,1404,227,371,73,4,572,40,0,162,79,101,38,207,14,36,325,89,12,4,1,22,0,321,404,0.225,0.326,0.329,1394,183,314,44,5,458,30,2,162,38,45,54,169,14,36,398,83,9,4,0,7,0,287,406
2024,Coppin St.,MEAC,45,23,22,0,0.268,0.342,0.378,1229,218,329,74,14,464,11,0,129,48,57,20,181,20,24,192,54,11,6,0,9,0,290,408,0.288,0.345,0.383,1190,195,343,58,5,456,15,0,102,90,98,12,172,19,32,103,30,14,4,0,8,0,346,417
2024,Cornell,Ivy League,36,7,29,0,0.273,0.364,0.399,963,149,263,50,4,384,21,1,129,21,28,17,140,15,18,183,47,11,5,0,7,0,201,319,0.343,0.428,0.538,1012,256,347,67,5,544,40,0,142,31,45,19,236,13,24,100,28,15,7,0,14,0,293,274
2024,Creighton,Big East,58,36,22,0,0.279,0.352,0.39,1490,247,416,77,5,581,26,0,145,24,29,33,227,20,30,272,87,20,10,0,5,0,381,418,0.23,0.322,0.36,1418,207,326,60,4,511,39,0,165,31,39,34,196,15,18,289,89,14,7,0,8,0,353,457
2024,Dartmouth,Ivy League,35,18,17,0,0.277,0.342,0.409,913,159,253,50,8,373,18,0,77,22,27,18,144,10,14,128,48,11,5,0,5,0,265,257,0.261,0.354,0.385,852,137,222,40,9,328,16,1,111,31,44,21,129,15,22,233,60,8,3,0,13,0,170,241
2024,Dayton(),Atlantic 10,54,33,21,0,0.279,0.364,0.384,1468,246,410,65,8,563,24,1,186,102,111,21,215,19,34,231,56,20,5,0,9,0,441,384,0.235,0.312,0.322,1415,176,333,48,3,456,23,2,130,43,63,30,149,7,26,301,58,12,5,0,20,0,348,418
2024,DePaul,Big East,47,9,38,0,0.228,0.302,0.323,1155,135,263,34,5,373,22,2,114,53,70,12,120,7,27,234,61,12,7,0,17,0,318,341,0.316,0.375,0.508,1258,282,398,75,11,639,48,0,104,30,40,23,261,15,31,134,39,9,4,1,10,0,333,384
2024,Delaware St.,MEAC,31,6,25,0,0.266,0.32,0.348,1032,126,275,41,8,359,9,1,78,63,73,5,108,5,29,178,45,7,2,0,10,1,316,254,0.308,0.371,0.394,1078,177,332,56,8,425,7,0,105,76,81,12,158,16,23,154,32,5,2,0,5,2,298,285
2024,Delaware,CAA,53,39,14,0,0.294,0.374,0.446,1395,259,410,87,16,622,31,0,162,57,65,26,238,17,16,189,46,18,4,0,8,0,358,434,0.227,0.3,0.307,1315,141,298,59,7,404,11,1,114,40,49,26,117,5,26,216,54,23,9,0,9,0,442,349
2024,Detroit Mercy,Horizon,44,6,38,0,0.204,0.288,0.305,980,82,200,37,4,299,18,0,103,8,18,14,77,5,11,259,76,16,7,0,10,0,247,266,0.362,0.434,0.571,1156,329,419,84,17,660,41,0,130,75,86,25,287,12,31,142,41,8,3,0,11,0,265,317
2024,Drake,MVC,49,23,26,0,0.279,0.356,0.397,1324,210,369,51,12,525,27,0,151,28,33,11,187,5,21,198,51,24,13,0,5,0,403,329,0.302,0.362,0.445,1366,251,413,74,8,608,35,0,127,63,73,8,215,13,21,166,37,10,3,0,10,0,403,355
2024,Drexel,CAA,45,15,30,0,0.242,0.315,0.357,1172,148,284,50,6,418,24,0,105,23,31,22,126,7,6,178,36,16,8,0,8,0,363,325,0.296,0.385,0.449,1196,233,354,53,5,537,40,0,151,51,54,30,221,12,25,186,56,9,4,0,3,0,313,333
2024,East Carolina,The American,57,38,19,0,0.303,0.385,0.454,1510,295,457,86,5,685,44,1,185,36,47,30,268,22,23,244,48,20,8,0,11,0,383,425,0.241,0.327,0.35,1415,178,341,63,8,495,25,0,158,29,46,31,159,15,28,236,71,13,8,0,17,0,280,569
2024,ETSU,SoCon,50,11,39,0,0.238,0.297,0.301,1304,122,311,48,2,393,10,0,104,38,43,8,111,9,11,247,49,24,12,0,5,0,408,325,0.306,0.39,0.476,1350,311,413,77,21,643,37,0,160,84,95,38,278,17,30,162,50,10,3,0,11,0,299,477
2024,Eastern Ill.,OVC,57,40,17,0,0.296,0.379,0.435,1477,292,437,78,5,642,39,0,178,82,103,34,261,24,39,213,64,13,8,0,21,0,373,478,0.254,0.311,0.353,1513,198,384,53,17,534,21,1,110,50,57,18,171,7,27,313,79,16,5,1,7,0,417,376
2024,Eastern Ky.,ASUN,52,42,10,0,0.298,0.388,0.46,1360,303,405,82,14,626,37,0,178,54,71,35,276,19,21,229,44,14,2,0,17,0,297,406,0.215,0.28,0.305,1293,148,278,38,8,395,21,0,114,43,48,7,133,9,22,231,55,17,4,0,5,0,400,370
2024,Evansville,MVC,52,16,36,0,0.25,0.321,0.366,1314,182,328,60,6,481,27,0,126,42,49,20,167,16,12,282,58,16,9,0,7,0,259,435,0.324,0.418,0.452,1371,313,444,61,5,620,35,1,201,102,121,31,275,14,15,133,33,29,15,0,19,0,430,343
2024,Fairfield,MAAC,47,14,33,0,0.25,0.319,0.334,1184,160,296,35,14,395,12,0,95,54,63,29,147,10,45,221,62,9,2,0,9,0,334,347,0.306,0.381,0.445,1228,250,376,69,7,546,29,1,154,49,64,8,229,22,32,136,25,12,8,0,15,0,321,408
2024,FDU,NEC,49,22,27,0,0.221,0.297,0.31,1172,112,259,30,4,363,22,0,110,25,41,18,102,4,22,245,50,17,4,0,16,0,348,311,0.261,0.333,0.39,1257,209,328,60,15,490,24,2,107,68,82,33,189,7,31,338,110,8,3,0,14,0,290,283
2024,Florida A&M,SWAC,46,26,20,0,0.31,0.37,0.4,1167,217,362,50,17,467,7,0,100,72,77,17,193,12,29,171,29,10,5,0,5,0,331,293,0.247,0.359,0.361,1073,198,265,45,13,387,17,0,176,71,87,18,171,10,32,176,38,14,4,0,16,0,362,259
2024,Fla. Atlantic,The American,57,41,16,0,0.298,0.405,0.435,1491,328,444,89,8,648,33,1,225,67,76,55,293,17,20,198,52,16,5,0,9,0,396,441,0.244,0.325,0.368,1432,175,350,47,11,527,36,0,125,49,55,51,166,9,30,261,67,11,4,0,6,0,345,485
2024,FIU,CUSA,50,21,29,0,0.285,0.346,0.388,1313,211,374,61,7,509,20,0,113,69,81,18,186,16,29,172,43,15,7,0,12,0,388,375,0.305,0.373,0.472,1336,254,407,90,10,631,38,4,133,27,39,26,227,21,35,122,39,14,6,0,12,0,324,494
2024,Florida St.,ACC,62,46,16,0,0.333,0.419,0.575,1654,456,550,96,19,951,89,1,237,86,101,29,416,27,13,149,46,20,11,0,15,0,411,522,0.263,0.353,0.399,1550,251,407,66,8,618,43,5,182,40,45,39,233,10,31,259,57,26,21,0,5,0,500,380
2024,UC Davis,Big West,50,21,29,0,0.242,0.315,0.331,1268,164,307,40,11,420,17,1,123,71,86,17,151,10,26,186,49,11,4,0,15,0,352,414,0.265,0.33,0.371,1323,182,350,56,11,491,21,0,106,44,56,28,160,10,42,204,52,10,3,0,12,0,401,367
2024,UCLA(),Pac-12,55,43,12,0,0.315,0.401,0.51,1399,326,440,61,9,714,65,4,178,30,37,37,303,21,21,225,42,23,14,0,7,0,346,399,0.245,0.315,0.384,1369,166,336,44,1,526,48,2,119,16,27,25,153,10,15,345,84,12,6,0,11,0,282,403
2024,Duke(),ACC,61,52,9,0,0.322,0.401,0.512,1632,398,525,77,16,835,67,1,181,58,74,53,373,29,34,193,47,16,9,0,16,0,452,482,0.187,0.252,0.281,1505,119,282,39,6,423,30,1,115,23,34,18,111,6,12,430,90,16,4,0,11,0,402,376
2024,Merrimack,NEC,53,19,34,0,0.218,0.294,0.297,1375,146,300,50,4,409,17,1,117,46,55,33,127,7,17,376,89,9,6,0,9,0,362,321,0.279,0.369,0.391,1440,257,402,80,6,563,23,3,197,84,92,19,215,18,22,206,55,13,6,0,8,0,443,372
2024,Winthrop,Big South,55,26,29,0,0.251,0.322,0.337,1449,192,364,47,6,489,22,0,131,82,90,27,166,12,31,332,91,17,10,0,8,0,402,354,0.244,0.327,0.335,1452,206,355,51,3,487,25,0,161,86,98,27,180,20,33,286,94,11,8,0,12,0,354,447
2024,Green Bay,Horizon,47,9,38,0,0.225,0.296,0.303,1177,123,265,41,12,357,9,0,89,32,44,34,110,13,36,267,77,7,2,0,12,0,306,341,0.34,0.411,0.51,1287,302,438,90,27,657,25,0,131,66,79,35,271,18,29,167,36,13,6,0,13,0,404,263
2024,Wisconsin,Big Ten,52,21,31,0,0.264,0.344,0.465,1312,242,346,69,9,610,59,0,135,52,70,34,217,16,42,280,76,21,11,0,18,0,305,394,0.296,0.37,0.442,1397,264,414,74,8,618,38,2,143,33,46,28,239,12,29,211,59,24,16,0,13,0,386,372
2024,Yale,Ivy League,46,20,26,0,0.27,0.357,0.39,1217,204,328,64,4,475,25,0,142,58,66,28,188,8,16,218,61,18,9,0,8,0,350,320,0.317,0.378,0.467,1273,244,403,79,8,594,32,0,107,41,60,26,216,11,30,138,48,11,4,0,19,0,327,408
2024,Youngstown St.,Horizon,53,36,17,0,0.284,0.361,0.404,1386,259,393,69,10,560,26,0,147,51,65,28,226,14,40,250,60,8,5,0,14,0,360,381,0.269,0.339,0.358,1399,182,376,66,7,501,15,0,132,63,79,20,167,5,33,305,117,16,3,0,16,0,443,269
2024,Central Ark.,ASUN,54,26,27,1,0.257,0.346,0.337,1350,205,347,51,12,455,11,0,166,61,70,24,185,11,22,248,85,20,9,0,9,0,379,362,0.289,0.369,0.399,1399,233,404,61,12,558,23,0,159,37,46,30,212,17,28,186,48,10,3,0,9,0,353,473
2024,Col. of Charleston,CAA,49,10,39,0,0.252,0.333,0.349,1270,186,320,52,7,443,19,0,129,57,65,29,162,9,19,203,56,16,6,0,8,0,329,403,0.308,0.415,0.426,1313,304,404,68,9,559,23,0,211,67,78,40,263,16,24,126,30,19,10,0,11,0,423,347
2024,Elon,CAA,52,23,29,0,0.269,0.36,0.414,1354,252,364,69,13,561,34,0,163,61,69,36,229,13,15,228,49,17,7,0,8,0,368,373,0.298,0.393,0.443,1393,282,415,61,6,617,43,2,203,72,84,25,257,17,14,175,41,21,6,0,12,0,348,435
2024,Gardner-Webb,Big South,53,33,20,0,0.276,0.363,0.397,1389,248,383,72,11,552,25,1,169,40,48,28,237,12,19,213,67,17,8,0,8,0,378,385,0.258,0.33,0.356,1313,190,339,57,7,467,19,0,124,53,71,28,171,21,23,264,60,7,3,0,18,0,303,417
2024,Grand Canyon(),WAC,63,50,13,0,0.334,0.413,0.521,1640,401,547,102,17,854,57,1,202,102,116,41,368,32,27,218,63,18,10,0,14,0,401,483,0.24,0.31,0.353,1590,200,382,44,2,562,44,0,122,29,32,44,182,11,31,322,89,13,9,0,3,0,440,438
2024,Kennesaw St.,ASUN,53,16,37,0,0.226,0.295,0.311,1389,158,314,46,9,432,18,1,121,61,74,19,144,10,28,300,86,8,3,0,13,0,392,378,0.262,0.338,0.381,1420,233,372,68,7,541,29,0,126,81,94,47,201,21,32,261,95,8,4,0,13,0,349,442
2024,Presbyterian,Big South,51,15,36,0,0.236,0.315,0.31,1292,147,305,53,2,401,13,0,137,26,28,16,134,9,42,296,74,11,5,0,2,0,329,371,0.3,0.392,0.422,1335,253,400,75,8,563,24,0,184,90,104,27,233,12,43,257,73,6,2,0,14,0,274,422
2024,Seattle U,WAC,55,23,32,0,0.301,0.359,0.417,1508,232,454,80,13,629,23,0,122,17,25,25,215,17,20,184,64,18,11,0,8,0,408,444,0.291,0.364,0.423,1427,237,415,72,9,604,33,0,149,35,46,24,221,14,26,204,48,18,12,0,11,0,487,314
2024,Ark.-Pine Bluff,SWAC,38,12,26,0,0.227,0.297,0.306,1169,148,265,49,4,358,12,0,101,52,59,18,133,5,25,262,67,11,3,0,7,0,275,326,0.256,0.318,0.362,1178,197,301,42,12,427,20,0,101,110,122,16,174,19,25,317,64,5,1,0,12,0,271,271
2024,IU Indy,Horizon,50,13,37,0,0.273,0.333,0.343,1308,177,357,53,6,449,9,0,107,49,61,17,150,11,30,242,64,16,4,0,12,0,397,295,0.322,0.409,0.523,1279,309,412,84,13,669,49,3,175,73,84,27,275,19,49,125,36,15,9,0,11,0,324,441
2024,Kansas City,Summit League,54,23,31,0,0.246,0.319,0.316,1459,186,359,48,9,461,12,0,142,24,29,18,155,9,22,268,75,17,10,0,5,0,449,355,0.287,0.35,0.436,1439,239,413,75,10,628,40,0,130,61,68,17,216,14,29,195,39,21,11,0,7,0,397,438
2024,North Florida,ASUN,54,35,19,0,0.266,0.345,0.398,1396,226,371,55,5,556,40,2,163,56,65,14,208,15,29,193,51,14,6,0,9,0,380,454,0.234,0.327,0.323,1382,170,324,46,10,447,19,0,168,48,61,27,158,8,30,322,89,9,8,0,13,0,371,366
2024,UIW,Southland,51,34,17,0,0.312,0.377,0.424,1434,293,448,71,10,608,23,0,127,51,62,29,262,11,38,136,25,20,8,0,11,0,473,361,0.243,0.319,0.367,1296,171,315,68,15,476,21,0,137,50,67,14,163,16,30,256,51,19,4,0,17,0,319,410
2024,USC Upstate(),Big South,53,30,23,0,0.264,0.356,0.35,1335,253,352,47,1,467,22,0,138,167,190,59,221,12,28,217,72,15,8,0,23,0,383,370,0.236,0.301,0.331,1339,180,316,34,6,443,27,1,107,53,59,23,166,13,27,247,71,20,10,0,6,0,443,321
2024,Belmont,MVC,50,30,20,0,0.262,0.353,0.366,1315,201,344,64,8,481,19,0,172,62,75,23,187,18,9,198,61,18,16,0,13,0,363,382,0.238,0.293,0.351,1316,161,313,44,6,462,31,0,92,41,46,18,149,16,15,352,65,5,2,0,5,0,234,411
2024,A&M-Corpus Christi,Southland,42,20,22,0,0.253,0.321,0.347,1103,140,279,63,4,383,11,1,103,36,44,10,130,6,26,216,58,10,2,0,8,0,305,301,0.242,0.333,0.312,1070,155,259,35,8,334,8,0,128,57,72,20,130,6,27,263,57,6,3,0,15,0,271,274
2024,Lipscomb,ASUN,52,16,36,0,0.241,0.328,0.302,1309,142,315,44,3,395,10,1,158,41,49,19,130,15,24,211,65,11,4,0,8,0,391,391,0.303,0.384,0.443,1366,260,414,68,12,605,33,0,164,73,92,23,237,13,29,121,31,23,8,0,19,0,446,375
2024,FGCU(),ASUN,59,38,21,0,0.26,0.323,0.329,1540,206,400,45,17,506,9,0,122,105,117,26,185,11,22,249,74,18,10,0,12,0,427,453,0.229,0.318,0.314,1519,171,348,49,10,477,20,7,175,29,44,28,152,12,45,248,76,19,9,0,15,0,472,450
2024,Utah Valley,WAC,53,25,28,0,0.287,0.357,0.419,1445,248,414,70,5,605,37,1,131,31,38,32,225,10,32,200,56,22,10,0,7,0,404,419,0.308,0.378,0.459,1472,286,454,99,12,676,33,0,161,63,71,17,255,21,23,215,60,26,16,1,8,0,411,383
2024,Abilene Christian,WAC,48,16,32,0,0.28,0.357,0.438,1236,215,346,79,10,541,32,1,109,57,66,46,192,12,21,235,52,20,10,1,9,0,278,369,0.312,0.405,0.487,1236,297,386,81,15,602,35,0,171,66,74,33,265,18,29,144,53,19,10,0,8,0,356,345
2024,Akron,MAC,52,23,29,0,0.273,0.343,0.359,1427,216,390,36,1,512,28,0,136,81,91,22,191,14,23,298,80,18,4,0,10,0,381,342,0.301,0.37,0.48,1417,267,426,61,5,680,61,5,137,55,70,25,241,12,39,183,51,10,1,0,15,0,300,520
2024,Alabama A&M,SWAC,33,7,26,0,0.256,0.326,0.335,890,114,228,44,10,298,2,0,76,59,70,18,91,3,38,143,31,10,3,0,11,0,298,213,0.357,0.429,0.444,1007,266,359,51,11,447,5,2,131,134,153,7,230,14,41,162,46,7,3,0,19,0,270,197
2024,Alabama St.,SWAC,52,24,28,0,0.288,0.337,0.38,1481,287,427,50,31,563,8,0,105,132,152,14,241,18,33,237,60,10,4,0,20,0,430,345,0.3,0.355,0.4,1504,284,451,71,11,601,19,0,119,106,128,23,237,23,33,194,62,16,8,0,22,0,386,433
2024,Alabama,SEC,59,39,20,0,0.251,0.346,0.381,1512,239,379,51,10,576,42,2,168,41,51,59,227,10,30,275,57,19,11,0,10,0,385,485,0.212,0.286,0.285,1514,156,321,34,1,432,25,7,135,26,39,27,133,12,18,366,100,22,14,0,13,0,472,343
2024,UAB,The American,52,23,29,0,0.244,0.328,0.328,1244,186,304,39,13,408,13,1,140,51,66,20,159,10,41,214,51,15,7,0,15,0,357,388,0.287,0.361,0.426,1360,237,390,73,7,579,34,0,141,43,51,23,223,12,31,152,23,22,14,0,8,0,433,383
2024,UAlbany(),America East,47,33,14,0,0.285,0.366,0.428,1209,241,344,55,8,517,34,6,129,83,98,34,213,13,16,218,55,20,7,0,15,0,342,286,0.218,0.305,0.343,1144,149,249,40,2,392,33,0,126,20,24,20,140,5,12,188,41,25,1,0,4,0,371,314
2024,Alcorn,SWAC,42,9,33,0,0.225,0.299,0.276,960,121,216,35,4,265,2,0,93,60,77,13,95,10,10,186,27,7,2,0,17,0,253,275,0.321,0.451,0.466,981,287,315,51,11,457,23,1,232,122,139,20,241,23,23,129,31,13,5,0,17,0,255,280
2024,App State,Sun Belt,51,21,30,0,0.295,0.365,0.434,1349,241,398,67,6,585,36,1,147,19,22,9,223,14,33,192,42,30,16,0,3,0,398,361,0.282,0.351,0.441,1328,238,375,58,6,586,47,0,114,46,52,30,216,8,23,262,67,16,4,0,6,0,361,315
2024,Arizona St.,Pac-12,51,20,31,0,0.279,0.353,0.46,1323,237,369,68,17,609,46,3,119,71,79,41,213,16,15,274,83,23,13,0,8,0,326,357,0.304,0.385,0.487,1387,276,422,75,7,676,55,1,157,35,43,32,247,12,22,228,50,21,14,0,8,0,386,350
2024,Arizona,Pac-12,56,37,18,1,0.329,0.404,0.526,1506,351,496,60,10,792,72,3,178,33,44,25,326,20,29,213,48,17,11,0,11,0,390,420,0.269,0.351,0.47,1390,231,374,68,8,653,65,2,147,33,40,34,221,12,34,207,51,24,14,0,7,0,392,441
2024,Arkansas,SEC,55,37,18,0,0.278,0.364,0.45,1408,271,391,54,10,633,56,3,154,27,31,47,254,19,11,192,68,19,10,0,4,0,339,484,0.224,0.302,0.311,1351,148,302,45,2,420,23,1,127,19,24,29,134,9,21,320,88,27,18,0,5,0,368,367
2024,Auburn,SEC,51,29,21,1,0.253,0.365,0.4,1287,214,325,41,7,515,45,2,198,75,90,39,196,16,38,286,63,26,19,0,15,0,371,326,0.224,0.289,0.387,1342,173,301,42,4,519,56,5,102,26,34,22,158,5,18,392,80,20,14,0,8,0,268,376
2024,Austin Peay,ASUN,52,23,29,0,0.267,0.33,0.363,1345,188,359,43,16,488,18,2,106,33,36,27,175,13,23,173,36,18,8,0,3,0,439,366,0.276,0.356,0.373,1346,206,372,42,5,502,26,0,138,76,87,33,184,10,22,251,67,17,6,0,11,0,389,336
2024,Ball St.,MAC,58,29,29,0,0.272,0.373,0.44,1528,299,416,84,8,672,52,5,208,92,104,52,271,23,25,270,89,15,3,0,12,0,341,499,0.298,0.376,0.443,1520,286,453,74,12,674,41,0,175,38,52,30,257,23,26,189,59,16,3,1,14,0,385,500
2024,Charleston So.,Big South,50,23,27,0,0.236,0.298,0.295,1256,127,296,40,8,370,6,1,110,62,77,8,109,15,32,214,51,5,1,1,15,0,356,404,0.246,0.328,0.347,1315,190,324,51,6,456,23,1,144,36,47,20,169,10,38,255,79,5,2,0,11,0,299,441
2024,Baylor,Big 12,59,36,23,0,0.285,0.362,0.411,1504,246,428,74,7,618,34,15,156,39,54,32,218,11,32,215,54,17,4,0,15,0,391,459,0.25,0.344,0.381,1457,220,364,54,4,555,43,2,185,44,60,29,202,7,14,309,101,24,10,0,16,0,441,321
2024,Bethune-Cookman,SWAC,52,20,32,0,0.276,0.338,0.339,1300,222,359,53,10,441,3,2,113,99,111,20,180,21,59,171,47,12,7,0,12,0,475,310,0.287,0.369,0.396,1307,255,375,81,13,518,12,0,150,59,75,31,214,17,43,215,78,10,3,0,16,0,302,422
2024,Binghamton,America East,51,33,18,0,0.275,0.359,0.468,1294,255,356,83,8,605,50,0,132,40,50,43,235,11,20,248,72,12,5,0,10,0,276,407,0.248,0.322,0.375,1276,184,316,52,9,479,31,0,109,46,49,34,166,8,29,293,68,11,4,0,3,0,320,350
2024,Boise St.,Mountain West,59,36,23,0,0.302,0.389,0.496,1612,359,487,78,6,799,74,0,203,34,40,33,334,9,28,271,80,22,11,0,6,0,411,427,0.277,0.343,0.439,1527,248,423,55,8,671,59,0,143,45,56,19,220,17,21,294,73,24,12,0,11,0,350,455
2024,Boston College,ACC,54,30,24,0,0.245,0.323,0.368,1370,163,336,64,7,504,30,0,135,53,72,28,145,12,26,257,55,15,4,0,19,0,389,382,0.226,0.327,0.343,1348,195,305,43,6,462,34,0,176,39,58,31,183,10,24,284,96,7,2,0,19,0,315,443
2024,Boston U.(),Patriot,60,53,6,1,0.321,0.386,0.464,1652,354,531,87,20,766,36,1,157,51,62,31,314,24,41,189,39,17,11,0,11,0,425,496,0.178,0.246,0.242,1445,92,257,32,3,349,18,0,108,16,24,25,84,6,16,419,113,18,8,0,8,0,378,388
2024,Bowling Green,MAC,44,6,38,0,0.221,0.316,0.28,1050,127,232,31,5,294,7,1,134,47,55,14,106,5,23,221,53,11,4,0,8,0,291,298,0.343,0.448,0.484,1127,315,387,50,5,546,33,0,188,100,115,41,273,19,28,99,32,12,4,0,15,0,295,349
2024,Bradley,MVC,56,29,27,0,0.253,0.331,0.36,1522,219,385,72,8,548,25,0,144,47,51,40,189,11,32,253,67,20,6,0,4,0,461,393,0.239,0.343,0.339,1459,210,349,53,6,495,27,0,204,71,82,35,187,14,42,296,65,17,8,0,11,0,408,398
2024,BYU,Big 12,54,31,23,0,0.319,0.409,0.514,1441,362,460,72,10,741,63,1,181,57,65,50,332,18,47,191,57,16,7,0,8,0,441,361,0.305,0.397,0.472,1402,313,427,79,6,662,48,1,203,48,59,21,291,15,32,262,55,21,10,0,11,0,358,354
2024,Brown,Ivy League,42,18,24,0,0.265,0.342,0.358,1053,160,279,63,7,377,7,0,112,43,52,17,146,10,33,144,31,18,7,0,9,0,269,369,0.273,0.322,0.442,1070,164,292,61,9,473,34,0,63,28,41,19,146,10,21,187,39,13,7,0,13,0,220,377
2024,Bryant,America East,51,34,17,0,0.299,0.383,0.464,1356,294,405,78,7,629,44,1,159,82,97,37,267,16,25,209,55,16,5,0,15,0,351,375,0.277,0.354,0.42,1362,242,377,62,5,572,41,0,142,43,52,27,208,12,27,241,72,19,8,0,9,0,326,410
2024,Bucknell,Patriot,46,19,27,0,0.239,0.314,0.291,1207,131,288,41,5,351,4,0,130,27,33,7,121,11,28,227,72,12,6,0,6,0,345,351,0.278,0.333,0.396,1254,186,349,61,13,496,20,0,104,45,56,4,168,11,28,207,43,10,1,0,11,0,327,367
2024,Buffalo,MAC,48,16,32,0,0.25,0.328,0.352,1265,174,316,66,3,445,19,0,143,39,41,12,151,14,2,199,41,11,4,0,2,0,289,449,0.282,0.352,0.392,1275,220,360,64,5,500,22,0,130,76,87,14,188,11,19,266,71,11,3,0,11,0,345,295
2024,Butler,Big East,52,23,29,0,0.274,0.368,0.402,1397,217,383,57,5,561,37,0,180,63,75,33,198,11,50,258,64,14,0,0,12,0,384,388,0.3,0.373,0.419,1444,263,433,71,7,605,29,1,140,38,56,36,237,14,25,161,38,20,4,0,18,0,351,484
2024,Cal Poly,Big West,45,28,17,0,0.289,0.364,0.359,1240,183,358,48,6,445,9,6,135,27,38,22,157,17,53,130,60,11,4,0,11,0,388,375,0.259,0.336,0.365,1215,170,315,51,4,443,23,4,116,21,40,29,155,9,28,228,67,8,4,0,19,0,248,417
2024,CSU Bakersfield,Big West,51,5,46,0,0.237,0.299,0.314,1196,119,284,42,7,376,12,0,81,56,79,29,101,10,31,236,44,13,5,0,23,0,356,334,0.375,0.453,0.508,1366,365,512,66,13,694,30,0,160,94,105,50,323,17,50,68,31,13,4,0,11,0,371,423
2024,Fresno St.,Mountain West,52,33,19,0,0.313,0.381,0.441,1427,243,447,73,16,630,26,2,117,30,43,45,222,10,42,156,37,22,7,0,13,0,438,391,0.262,0.337,0.356,1418,190,372,55,6,505,22,1,128,68,77,34,165,4,26,266,77,20,5,0,9,0,388,381
2024,Cal St. Fullerton(),Big West,58,39,19,0,0.313,0.373,0.416,1541,255,483,62,12,641,24,0,128,115,145,29,229,17,51,217,42,17,5,0,30,0,435,420,0.216,0.284,0.288,1474,144,318,50,6,425,15,0,110,44,51,35,129,9,20,362,67,21,11,0,7,0,499,283
2024,Long Beach St.,Big West,54,25,29,0,0.249,0.347,0.345,1398,198,348,61,10,483,18,0,179,45,59,38,180,13,19,178,57,19,6,0,14,0,434,418,0.285,0.358,0.453,1412,256,403,76,10,640,47,2,138,53,63,31,235,17,38,177,46,19,11,0,10,0,375,476
2024,CSUN,Big West,51,25,26,0,0.268,0.33,0.368,1349,201,362,57,9,497,20,3,80,26,40,50,178,12,40,182,47,18,9,0,14,0,390,411,0.275,0.344,0.382,1369,201,377,56,15,523,20,1,126,45,62,24,177,12,36,187,63,21,8,0,17,0,385,417
2024,Sacramento St.,Big Sky,48,28,20,0,0.29,0.353,0.392,1267,197,367,43,9,497,23,6,110,47,58,20,168,9,46,201,57,12,6,0,11,0,394,314,0.276,0.342,0.368,1270,177,350,57,3,467,18,0,103,57,66,30,167,9,29,247,77,16,8,0,9,0,351,328
2024,UC Santa Barbara,Big West,48,20,28,0,0.291,0.368,0.395,1314,220,382,61,8,519,20,1,138,51,60,27,200,7,20,236,62,21,11,0,9,0,365,323,0.287,0.383,0.421,1279,223,367,63,6,538,32,4,174,49,63,38,202,19,36,175,49,20,9,0,14,0,312,430
2024,Clemson,ACC,54,35,19,0,0.297,0.388,0.473,1492,319,443,68,15,706,55,3,192,63,79,45,290,25,18,228,49,15,8,0,16,0,385,427,0.245,0.291,0.308,1453,163,356,37,3,447,16,0,77,34,41,22,139,10,22,287,67,12,9,0,7,0,470,318
2024,California Baptist,WAC,58,33,25,0,0.314,0.363,0.445,1578,257,496,92,9,702,32,5,93,23,36,35,242,15,45,200,36,15,12,0,13,0,491,406,0.255,0.335,0.345,1491,205,380,61,5,514,21,0,157,45,58,32,186,19,34,168,57,24,13,0,13,0,504,441
2024,North Ala.,ASUN,54,35,19,0,0.26,0.324,0.39,1409,199,367,75,18,550,24,0,104,34,41,34,179,14,37,206,59,6,4,0,7,0,411,425,0.225,0.286,0.312,1329,127,299,42,10,415,18,1,89,33,43,30,120,11,33,201,49,24,12,0,10,0,389,451
2024,Florida(),SEC,69,54,15,0,0.33,0.439,0.585,1763,520,581,112,19,1031,100,4,302,110,120,68,493,31,19,266,87,28,15,0,10,0,406,516,0.226,0.313,0.352,1597,210,361,54,3,562,47,3,169,9,22,38,191,12,21,289,93,28,16,0,13,0,377,580
2024,Fordham,Atlantic 10,55,25,29,1,0.28,0.355,0.418,1458,246,408,92,10,610,30,0,159,46,54,23,221,21,28,262,61,15,7,0,8,0,358,433,0.273,0.36,0.413,1457,263,398,62,8,602,42,0,164,79,86,39,240,10,29,250,82,10,4,0,7,0,335,469
2024,Furman,SoCon,54,24,30,0,0.26,0.339,0.343,1432,206,372,51,10,491,16,1,153,64,74,25,175,12,35,231,60,18,7,0,10,0,402,422,0.266,0.359,0.365,1465,254,390,41,2,534,33,2,190,94,105,29,222,11,35,190,41,17,6,0,11,0,503,361
2024,George Mason,Atlantic 10,52,20,32,0,0.248,0.321,0.348,1332,182,331,54,11,464,19,0,127,56,83,20,157,9,26,257,63,15,3,0,27,0,346,396,0.282,0.366,0.414,1395,233,394,53,14,577,34,1,163,71,79,26,205,9,24,193,43,34,11,0,8,0,361,427
2024,George Washington,Atlantic 10,53,27,26,0,0.298,0.39,0.422,1404,264,419,79,8,592,26,0,185,42,50,33,240,10,42,175,52,14,9,0,8,0,337,472,0.276,0.349,0.393,1371,225,379,75,11,539,21,0,146,65,73,17,219,17,34,212,57,10,1,0,8,0,292,491
2024,Georgetown,Big East,47,14,33,0,0.231,0.322,0.342,1200,158,277,49,9,410,22,1,145,33,45,21,148,11,33,285,84,14,10,0,12,0,296,356,0.292,0.388,0.44,1238,249,361,78,8,545,30,0,183,63,77,22,229,16,26,189,51,18,9,1,14,0,294,399
2024,Ga. Southern,Sun Belt,51,30,21,0,0.257,0.358,0.347,1301,199,335,48,1,451,22,0,153,30,36,55,181,8,47,213,42,12,5,0,6,0,345,420,0.249,0.314,0.364,1339,176,334,54,5,488,30,0,111,57,67,18,154,6,31,226,65,14,8,0,10,0,386,385
2024,Georgia St.,Sun Belt,53,11,42,0,0.244,0.32,0.337,1334,157,325,42,5,449,24,0,104,85,99,49,131,9,27,254,71,16,5,0,14,0,379,373,0.316,0.392,0.524,1470,329,464,82,4,770,72,0,180,54,67,19,294,21,29,210,48,3,1,0,13,0,253,531
2024,Georgia Tech,ACC,55,32,23,0,0.309,0.409,0.558,1442,345,446,76,8,805,89,0,212,35,46,42,324,15,15,199,53,17,7,0,11,0,355,438,0.263,0.382,0.45,1385,300,364,49,6,623,66,0,237,22,28,35,276,10,23,276,62,25,17,0,6,0,355,385
2024,Georgia,SEC,62,43,19,0,0.295,0.385,0.527,1633,357,481,86,9,861,92,6,210,40,57,38,337,13,27,297,64,22,14,0,17,0,381,475,0.228,0.316,0.373,1550,205,354,59,6,578,51,3,161,29,37,45,197,14,27,304,78,24,15,0,8,0,408,494
2024,Grambling,SWAC,40,10,30,0,0.237,0.325,0.309,1052,131,249,49,6,325,5,0,120,77,93,22,107,10,22,228,58,12,5,0,16,0,307,247,0.298,0.355,0.405,1119,200,334,46,11,453,17,0,94,56,73,11,172,13,24,149,43,7,2,0,17,0,282,334
2024,Hampton,CAA,52,17,35,0,0.248,0.335,0.324,1298,188,322,57,9,421,8,0,153,41,51,22,162,12,33,260,79,14,6,0,10,0,366,347,0.29,0.372,0.419,1387,258,402,86,18,581,19,0,160,71,84,30,221,16,28,180,32,14,4,0,13,0,369,413
2024,Harvard(),Ivy League,44,27,17,0,0.312,0.387,0.442,1204,233,376,61,7,532,27,1,134,26,34,25,210,20,20,183,54,10,5,0,8,0,318,321,0.237,0.323,0.32,1135,153,269,47,7,363,11,0,130,54,61,18,131,9,22,186,48,9,6,0,7,0,385,271
2024,Hawaii,Big West,46,20,26,0,0.261,0.337,0.383,1167,182,305,36,2,447,34,0,111,16,19,26,161,8,34,216,46,5,3,0,3,0,288,359,0.303,0.375,0.449,1197,216,363,58,6,538,35,0,130,38,54,16,196,14,35,93,16,20,6,0,16,0,357,385
2024,Hofstra,CAA,49,23,26,0,0.241,0.319,0.325,1266,151,305,45,5,411,17,1,135,29,39,13,137,8,26,275,66,14,6,0,10,0,340,336,0.271,0.342,0.356,1293,164,351,50,10,460,13,0,111,26,36,33,157,9,27,230,65,16,11,0,10,0,332,369
2024,Holy Cross,Patriot,49,14,35,0,0.252,0.309,0.341,1267,138,319,65,3,432,14,0,90,19,23,17,123,6,24,237,60,13,5,0,4,0,322,383,0.297,0.381,0.443,1267,260,376,96,13,561,21,0,160,66,75,24,246,17,30,192,41,9,5,0,9,0,335,363
2024,Houston Christian,Southland,50,23,27,0,0.259,0.326,0.371,1315,179,340,61,12,488,21,0,115,41,53,21,153,9,20,245,57,16,10,0,12,0,337,377,0.299,0.388,0.406,1336,244,400,67,12,542,17,0,171,95,107,28,208,10,46,224,55,22,11,0,12,0,350,375
2024,Houston,Big 12,55,25,30,0,0.295,0.394,0.45,1393,330,411,66,6,627,46,0,201,46,55,44,306,25,18,218,76,23,13,0,9,0,473,288,0.313,0.399,0.521,1429,326,447,69,9,744,70,9,189,62,69,26,296,14,23,127,35,14,6,0,7,0,346,508
2024,Howard,MEAC,43,30,13,0,0.333,0.407,0.415,1227,284,409,64,9,509,6,0,137,64,78,26,244,16,32,147,47,13,3,0,14,2,371,287,0.269,0.342,0.335,1150,166,309,41,4,385,9,0,109,64,75,23,141,8,24,226,61,13,4,0,11,1,340,263
2024,Idaho St.,Big Sky,52,25,27,0,0.293,0.357,0.443,1452,255,425,84,10,643,38,2,131,72,79,23,232,18,25,253,85,9,6,0,7,0,345,420,0.275,0.338,0.412,1346,210,370,77,15,555,26,3,106,47,54,30,196,13,36,173,37,10,5,0,7,0,432,380
2024,Illinois St.,MVC,54,23,31,0,0.265,0.339,0.358,1393,210,369,52,4,498,23,0,143,37,41,19,182,12,39,255,75,15,8,0,4,0,347,422,0.278,0.358,0.403,1394,262,388,49,1,562,41,0,159,38,49,19,241,11,30,143,57,24,18,0,11,0,529,311
2024,Illinois,Big Ten,52,21,31,0,0.296,0.371,0.405,1403,245,415,67,4,568,26,0,138,27,40,37,219,13,37,211,44,23,15,0,13,0,401,370,0.314,0.392,0.514,1416,301,445,90,11,728,57,6,147,45,65,43,275,13,32,230,67,15,5,0,20,0,322,412
2024,UIC,MVC,54,19,35,0,0.242,0.296,0.299,1413,151,342,39,4,422,11,0,103,35,44,9,141,10,48,215,58,20,5,0,9,0,470,391,0.282,0.378,0.365,1441,248,406,44,8,526,20,0,201,88,106,36,210,22,21,179,53,30,13,0,18,0,493,341
2024,Indiana St.,MVC,50,20,30,0,0.26,0.328,0.351,1299,183,338,54,2,456,20,0,117,45,51,19,162,10,8,233,71,11,4,0,6,0,376,335,0.26,0.361,0.426,1243,235,323,70,11,529,38,0,170,49,58,38,219,19,26,209,64,12,2,0,9,0,235,479
2024,Indiana,Big Ten,60,40,20,0,0.311,0.398,0.505,1592,364,495,82,10,804,69,2,205,107,136,39,325,19,23,191,47,19,12,0,29,0,408,496,0.244,0.334,0.385,1529,228,373,63,9,589,45,3,179,47,60,34,200,10,20,321,83,21,10,0,13,0,452,372
2024,Purdue Fort Wayne,Horizon,47,14,33,0,0.266,0.319,0.381,1214,162,323,66,2,462,23,1,88,26,30,12,146,11,15,186,51,13,5,0,4,0,330,362,0.299,0.352,0.434,1226,213,367,55,10,532,30,0,84,58,63,24,193,14,26,227,76,10,5,0,5,0,242,396
2024,Iona,MAAC,47,18,29,0,0.249,0.331,0.382,1245,164,310,63,3,475,32,2,137,29,35,20,150,10,13,247,62,13,6,0,6,0,317,363,0.297,0.381,0.455,1245,245,370,88,11,567,29,0,139,37,48,36,224,11,32,157,46,11,5,0,11,0,340,389
2024,Iowa St.,Big 12,51,20,31,0,0.272,0.365,0.457,1333,234,363,79,7,609,51,0,172,49,57,30,220,14,9,248,71,15,6,0,8,0,302,418,0.316,0.399,0.532,1373,310,434,82,5,730,68,0,167,55,62,30,292,12,19,182,44,19,8,0,7,0,343,399
2024,Iowa,Big Ten,46,18,28,0,0.259,0.333,0.326,1251,165,324,44,8,408,8,0,120,36,41,26,151,13,27,166,56,18,6,0,5,0,370,381,0.266,0.372,0.388,1197,181,318,51,7,464,27,1,171,44,60,36,155,8,30,162,36,14,6,0,16,0,336,387
2024,Jackson St.(),SWAC,50,31,19,0,0.271,0.349,0.355,1373,264,372,56,18,488,8,0,157,162,177,17,223,17,31,245,76,20,7,0,15,0,361,351,0.284,0.338,0.375,1392,212,396,68,11,522,12,0,105,99,110,15,181,16,24,119,36,11,3,0,11,0,461,384
2024,Jacksonville St.,CUSA,53,23,30,0,0.26,0.354,0.414,1405,222,366,76,7,582,42,0,176,47,51,36,208,15,27,218,64,26,10,1,4,0,377,431,0.272,0.33,0.418,1411,226,384,66,10,590,40,0,113,49,59,18,200,18,25,233,54,13,6,0,10,0,285,511
2024,Jacksonville,ASUN,51,26,25,0,0.243,0.336,0.333,1275,207,310,60,2,425,17,0,164,72,85,25,188,20,27,182,62,8,4,0,13,0,327,450,0.266,0.341,0.37,1340,197,356,52,8,496,24,0,139,51,67,24,174,21,25,168,51,11,2,0,16,0,332,466
2024,James Madison,Sun Belt,53,31,22,0,0.31,0.393,0.523,1421,295,441,85,5,743,69,0,176,38,46,26,264,15,26,202,51,22,14,0,8,0,302,469,0.258,0.358,0.369,1359,220,351,52,3,502,31,1,181,75,77,33,193,6,24,268,49,16,11,0,2,0,370,377
2024,Kansas,Big 12,54,28,25,1,0.276,0.359,0.396,1408,236,388,62,12,558,28,2,159,34,42,28,226,5,31,216,61,15,9,0,8,0,425,379,0.265,0.362,0.393,1390,224,369,50,2,546,41,5,198,37,50,19,208,11,17,209,39,26,16,0,13,0,397,407
2024,Kent St.,MAC,49,26,23,0,0.302,0.365,0.457,1334,239,403,69,16,609,35,2,112,49,64,28,216,14,32,216,37,11,4,0,15,0,318,399,0.278,0.362,0.441,1262,224,351,76,12,556,35,0,155,42,53,21,207,19,24,225,50,17,2,0,11,0,327,364
2024,Kentucky,SEC,55,31,24,0,0.278,0.367,0.484,1458,273,405,76,10,705,68,12,169,45,53,42,246,9,24,272,70,15,5,0,8,0,366,400,0.248,0.366,0.424,1382,234,343,43,7,586,62,0,205,38,47,60,217,15,24,353,86,14,3,0,9,0,275,424
2024,Lafayette,Patriot,42,5,37,0,0.196,0.264,0.262,1013,79,199,39,6,265,5,0,75,41,48,20,66,7,14,225,60,16,8,0,7,0,261,321,0.334,0.409,0.495,1148,272,384,69,5,568,35,0,130,41,51,27,244,18,20,106,28,15,9,0,10,0,242,404
2024,Lamar University,Southland,51,26,25,0,0.253,0.33,0.348,1319,186,334,55,14,459,14,0,146,54,66,13,158,16,23,207,51,13,5,0,12,0,380,397,0.29,0.344,0.373,1378,201,399,51,11,514,14,1,92,71,85,27,177,8,30,183,63,14,8,0,14,0,485,300
2024,Lehigh,Patriot,52,32,20,0,0.3,0.371,0.403,1421,278,426,69,13,572,17,0,142,46,54,25,241,10,33,246,65,16,9,0,8,0,415,325,0.265,0.327,0.386,1350,193,358,76,9,521,23,0,117,40,49,11,177,8,23,234,48,15,7,0,9,0,332,425
2024,Liberty(),CUSA,63,38,25,0,0.26,0.34,0.429,1603,263,417,89,8,687,55,5,170,44,51,33,240,17,17,237,58,19,9,0,7,0,379,566,0.237,0.33,0.388,1592,239,377,59,5,617,57,0,177,44,56,50,202,10,25,346,74,22,7,0,12,0,381,483
2024,LIU,NEC,53,32,21,0,0.266,0.347,0.38,1380,213,367,77,6,525,23,0,159,22,28,23,197,22,42,222,48,6,3,0,6,0,413,399,0.241,0.319,0.355,1397,166,336,53,7,496,31,3,127,42,47,40,151,11,15,212,44,15,7,0,5,0,420,421
2024,Longwood,Big South,52,19,33,0,0.262,0.325,0.384,1355,195,355,40,7,520,37,0,102,50,66,27,179,6,15,262,56,19,10,0,16,0,396,325,0.287,0.374,0.476,1368,287,393,57,9,651,61,0,184,88,97,18,255,20,17,182,39,12,2,0,9,0,279,515
2024,LSU,SEC,61,44,17,0,0.29,0.387,0.435,1601,301,464,77,9,697,46,0,234,44,56,34,281,23,28,188,60,22,12,0,12,0,449,512,0.216,0.301,0.309,1557,167,336,55,6,481,26,1,152,26,35,41,154,6,25,374,108,28,17,0,9,0,433,408
2024,Louisiana Tech,CUSA,54,32,22,0,0.265,0.354,0.372,1429,246,378,77,7,532,21,2,185,35,48,23,224,19,29,301,98,15,6,0,13,0,322,428,0.26,0.313,0.373,1425,183,370,47,3,531,36,2,103,34,49,14,160,14,30,196,52,15,9,0,15,0,436,430
2024,Louisville,ACC,52,27,25,0,0.275,0.383,0.428,1376,249,379,57,9,589,45,1,192,52,66,53,222,7,36,268,94,13,7,0,14,0,362,367,0.27,0.361,0.402,1387,219,375,63,6,558,36,2,160,24,36,42,200,10,28,238,44,21,13,0,12,0,360,412
2024,UMass Lowell,America East,46,17,29,0,0.249,0.328,0.347,1235,176,307,46,3,428,23,0,131,56,66,19,151,7,17,227,55,14,6,0,10,0,341,338,0.278,0.362,0.385,1236,228,344,41,5,476,27,0,126,61,77,39,204,5,18,269,70,15,6,0,16,0,263,326
2024,LMU (CA),WCC,53,28,25,0,0.283,0.362,0.44,1328,242,376,52,6,584,48,0,122,61,75,50,223,13,38,219,42,16,9,0,14,0,375,377,0.264,0.348,0.372,1333,214,352,39,9,496,29,0,153,48,63,24,183,9,29,285,76,10,5,0,15,0,335,360
2024,Loyola Chicago,Atlantic 10,53,29,24,0,0.257,0.345,0.364,1394,222,358,52,10,508,26,2,177,63,78,16,193,11,40,280,81,18,4,0,15,0,389,360,0.229,0.302,0.36,1374,190,315,69,12,495,29,0,123,36,40,24,167,7,16,297,100,21,8,0,4,0,384,353
2024,Maine,America East,45,4,41,0,0.203,0.271,0.28,1102,123,224,44,4,309,11,0,87,26,33,18,98,5,22,319,72,9,5,0,7,0,273,272,0.344,0.464,0.483,1188,333,409,74,11,574,23,0,240,110,125,39,289,15,10,149,43,14,4,0,15,0,324,305
2024,Manhattan,MAAC,50,13,37,0,0.232,0.31,0.322,1205,144,279,49,9,388,14,0,117,21,30,24,128,9,28,254,70,7,2,0,9,0,306,359,0.312,0.395,0.489,1255,262,392,84,15,614,36,2,157,58,68,25,249,16,31,182,50,6,2,0,10,0,318,351
2024,Marist,MAAC,55,36,19,0,0.311,0.381,0.49,1553,321,483,81,16,761,55,0,163,89,103,22,284,14,23,220,61,18,8,0,14,0,368,455,0.25,0.317,0.35,1433,191,358,50,8,502,26,4,133,43,52,12,168,7,33,280,65,19,9,0,9,0,476,311
2024,Marshall,Sun Belt,53,25,28,0,0.314,0.382,0.482,1445,289,454,76,7,697,51,1,151,62,70,19,258,19,14,197,52,18,9,0,8,0,357,427,0.286,0.397,0.465,1371,289,392,72,7,637,53,1,221,46,59,38,259,9,33,149,41,29,10,0,13,0,438,385
2024,UMBC,America East,45,21,24,0,0.273,0.36,0.409,1192,196,326,47,5,488,35,1,140,63,75,24,186,5,10,229,57,11,5,1,12,0,296,321,0.237,0.325,0.367,1161,193,275,43,6,426,32,6,127,49,55,32,157,14,25,255,60,7,4,0,6,0,271,334
2024,Maryland,Big Ten,54,24,30,0,0.277,0.358,0.43,1445,245,400,69,18,622,39,0,149,50,70,42,228,14,13,242,83,21,13,0,20,0,399,390,0.22,0.311,0.357,1329,221,292,45,6,475,42,0,163,46,56,19,201,14,35,340,67,13,8,0,10,0,396,313
2024,UMES,MEAC,44,10,34,0,0.277,0.334,0.339,1148,165,318,35,9,389,6,0,101,129,158,5,146,17,17,212,60,11,3,0,29,0,302,292,0.34,0.432,0.538,1213,324,412,93,30,652,29,0,184,104,115,30,288,22,30,166,42,11,7,0,11,0,244,385
2024,Massachusetts,Atlantic 10,55,20,35,0,0.232,0.334,0.346,1437,207,334,59,4,497,32,1,158,25,29,64,185,8,20,286,68,13,7,0,4,0,369,422,0.301,0.38,0.429,1490,295,448,81,10,639,30,0,185,76,91,22,261,28,20,252,71,16,9,0,15,0,381,400
2024,McNeese,Southland,60,40,20,0,0.272,0.363,0.425,1507,279,410,89,18,640,35,0,190,125,150,36,246,19,29,236,56,22,9,0,25,0,408,444,0.256,0.315,0.359,1522,173,390,51,8,547,30,0,124,42,57,16,156,21,26,229,33,31,21,0,15,0,418,491
2024,Memphis,The American,50,6,44,0,0.207,0.291,0.283,1189,103,246,39,2,337,16,0,127,30,38,17,97,5,25,255,67,16,5,0,8,0,333,350,0.315,0.431,0.46,1315,378,414,78,10,605,31,0,266,148,173,22,339,27,19,159,45,13,1,0,25,0,397,326
2024,Mercer,SoCon,53,23,30,0,0.27,0.363,0.405,1420,229,384,48,4,575,45,2,175,26,33,36,209,9,44,251,68,19,8,0,7,0,378,405,0.271,0.353,0.407,1402,245,380,63,5,570,39,0,154,64,73,33,226,15,33,197,51,13,3,0,9,0,404,426
2024,Miami (OH)(),MAC,58,49,9,0,0.348,0.45,0.724,1543,507,537,90,5,1117,160,5,276,44,53,23,481,15,2,254,63,21,3,0,9,0,303,427,0.248,0.342,0.404,1381,221,342,53,8,558,49,0,180,29,39,24,202,13,20,247,50,11,3,0,10,0,299,486
2024,Michigan St.,Big Ten,51,21,30,0,0.247,0.336,0.41,1265,182,313,46,5,519,50,0,138,46,53,36,167,11,24,266,64,25,13,0,7,0,323,372,0.28,0.368,0.407,1316,237,368,46,5,535,37,1,149,41,52,45,213,19,26,272,67,7,3,0,11,0,314,352
2024,Michigan(),Big Ten,61,43,18,0,0.273,0.363,0.455,1524,318,416,68,10,693,63,3,193,39,55,30,288,15,41,205,49,17,5,0,16,0,461,443,0.232,0.336,0.339,1490,188,346,46,4,505,35,7,167,41,51,70,166,9,36,369,101,14,5,0,10,0,342,445
2024,Middle Tenn.,CUSA,52,21,31,0,0.261,0.334,0.407,1402,192,366,56,8,570,44,2,132,44,52,23,171,5,32,252,47,13,4,0,8,0,361,410,0.271,0.349,0.406,1384,215,375,68,7,562,35,1,155,38,50,17,203,13,34,166,46,10,3,0,12,0,296,548
2024,Minnesota,Big Ten,53,28,25,0,0.298,0.394,0.483,1460,319,435,96,6,705,54,4,212,32,39,30,290,17,28,186,46,21,4,0,7,0,374,461,0.304,0.385,0.441,1413,269,429,58,14,623,36,0,154,29,36,47,253,22,30,195,52,36,16,0,7,0,444,361
2024,Mississippi St.,SEC,54,34,20,0,0.298,0.401,0.468,1343,314,400,76,6,629,47,2,215,39,44,30,290,21,18,217,60,24,16,0,5,0,333,395,0.229,0.292,0.355,1298,168,297,52,5,461,34,0,86,32,37,32,150,6,26,308,65,19,11,0,5,0,369,315
2024,Mississippi Val.,SWAC,37,3,34,0,0.207,0.295,0.252,860,91,178,24,6,217,1,0,100,41,59,10,65,5,8,223,68,6,4,0,18,0,252,170,0.367,0.402,0.518,1040,328,382,71,31,539,8,0,65,159,163,13,294,27,19,71,18,5,1,0,4,0,225,314
2024,Ole Miss,SEC,58,31,27,0,0.268,0.362,0.412,1525,258,408,66,7,629,47,5,185,36,45,50,235,14,37,278,79,29,23,0,9,0,422,427,0.249,0.346,0.354,1490,208,371,54,6,527,30,0,207,41,55,22,174,16,27,339,78,25,15,0,14,0,440,344
2024,Missouri,SEC,66,48,18,0,0.26,0.358,0.39,1702,312,442,87,7,663,40,1,186,64,78,86,284,22,31,315,81,18,9,0,14,0,427,521,0.212,0.272,0.345,1673,159,355,69,9,577,45,0,114,19,26,27,149,7,23,348,85,16,10,0,7,0,392,570
2024,Monmouth,CAA,51,18,33,0,0.243,0.328,0.313,1325,172,322,44,8,415,11,0,133,53,58,38,143,9,18,230,71,15,4,0,5,0,405,343,0.301,0.373,0.427,1316,242,396,63,11,562,27,0,136,53,73,22,208,11,35,241,70,17,3,0,20,0,405,278
2024,Montana,Big Sky,46,13,33,0,0.262,0.348,0.404,1242,203,326,88,14,502,20,0,131,18,24,36,188,6,27,213,60,16,12,0,6,0,345,359,0.342,0.413,0.5,1353,301,463,84,14,677,34,4,148,75,84,29,268,20,29,182,60,8,5,0,9,0,355,363
2024,Morehead St.,OVC,40,12,28,0,0.222,0.285,0.324,999,118,222,46,7,324,14,0,82,50,57,9,103,7,22,276,49,7,1,0,7,0,228,261,0.305,0.405,0.421,1065,246,325,56,2,448,21,0,150,85,99,37,210,12,24,116,27,13,9,0,14,0,401,202
2024,Morgan St.(),MEAC,49,29,20,0,0.267,0.349,0.372,1332,224,355,76,13,496,13,0,150,94,113,25,189,12,22,204,56,22,7,0,19,0,412,335,0.241,0.283,0.342,1355,146,327,54,19,464,15,1,68,60,73,14,130,8,27,257,46,11,3,0,13,0,320,443
2024,Mount St. Mary's,MAAC,46,14,32,0,0.219,0.313,0.327,1133,143,248,50,6,370,20,0,113,85,102,46,123,9,22,272,71,17,8,0,17,0,259,337,0.327,0.393,0.472,1298,289,425,65,6,613,37,0,109,78,88,38,257,11,21,148,47,10,5,0,10,0,335,372
2024,Murray St.,MVC,54,24,30,0,0.229,0.304,0.296,1351,155,310,38,8,400,12,0,123,69,88,27,133,11,46,243,73,9,4,0,19,0,372,445,0.265,0.316,0.358,1448,165,384,57,4,518,23,1,93,30,47,18,143,8,43,177,62,25,16,0,17,0,477,401
2024,North Carolina,ACC,50,30,20,0,0.347,0.421,0.492,1335,291,463,46,8,657,44,0,164,88,103,17,266,14,15,182,42,16,1,0,15,0,380,296,0.252,0.328,0.415,1220,183,308,46,4,506,48,0,115,34,40,29,168,14,14,207,47,14,2,0,6,0,294,413
2024,Charlotte(),The American,57,39,18,0,0.267,0.373,0.447,1477,300,394,89,9,660,53,2,215,61,75,44,270,17,11,252,71,21,10,0,14,0,338,480,0.226,0.304,0.363,1475,192,334,62,5,535,43,3,143,20,23,23,174,6,29,277,77,15,10,0,3,0,411,441
2024,UNC Greensboro,SoCon,59,33,26,0,0.267,0.376,0.49,1564,299,417,80,13,766,81,1,240,37,41,41,286,13,36,305,68,14,9,0,4,0,326,534,0.275,0.356,0.416,1623,279,446,78,5,675,47,2,165,53,61,46,259,14,38,231,69,23,8,0,8,0,479,446
2024,UNCW(),CAA,56,33,23,0,0.25,0.327,0.322,1440,197,360,41,6,464,17,1,131,94,109,37,157,9,28,213,58,18,1,0,15,0,431,417,0.239,0.306,0.325,1446,159,345,47,6,470,22,1,115,58,70,32,134,15,25,291,85,15,3,0,12,0,373,442
2024,Nebraska,Big Ten,53,30,23,0,0.296,0.379,0.487,1488,311,441,89,6,725,61,3,161,31,39,44,289,13,20,220,52,19,8,0,8,0,383,421,0.3,0.382,0.449,1455,263,436,71,7,653,44,2,158,51,55,45,247,14,36,170,50,30,16,0,4,0,443,418
2024,Omaha(),Summit League,58,43,15,0,0.273,0.361,0.406,1554,268,424,88,16,631,29,0,179,52,60,48,244,22,15,269,70,14,8,0,8,0,334,528,0.228,0.298,0.33,1483,153,338,64,8,490,24,0,123,30,40,31,148,12,20,348,95,25,14,0,10,0,392,409
2024,UNLV,Mountain West,50,31,19,0,0.316,0.406,0.475,1312,283,415,72,14,623,36,0,182,38,44,29,266,20,42,172,46,18,8,0,6,0,399,344,0.268,0.359,0.39,1286,213,345,51,8,502,30,0,160,30,41,29,188,12,26,165,55,14,6,0,11,0,403,373
2024,Nevada,Mountain West,57,40,17,0,0.335,0.402,0.57,1573,366,527,97,18,897,79,0,151,118,135,37,343,17,17,220,69,12,3,0,17,0,355,463,0.241,0.306,0.344,1434,188,346,48,6,493,29,2,118,41,46,19,170,9,31,255,77,17,6,0,5,0,483,342
2024,New Mexico St.,CUSA,55,30,25,0,0.297,0.359,0.485,1403,275,417,61,8,680,62,0,122,59,72,23,243,19,26,222,44,21,9,0,13,0,374,385,0.285,0.366,0.485,1435,280,409,80,12,696,61,0,155,31,42,38,245,15,21,209,74,12,8,0,11,0,380,417
2024,New Mexico,Mountain West,54,16,38,0,0.258,0.325,0.366,1355,182,350,44,9,496,28,2,106,37,44,34,160,14,44,217,61,24,14,0,7,0,421,380,0.312,0.401,0.53,1422,341,444,79,19,753,64,1,182,95,106,40,319,17,28,166,44,19,10,0,11,0,374,435
2024,Niagara,MAAC,50,29,21,0,0.297,0.365,0.432,1317,234,391,77,4,569,31,0,116,16,21,33,219,12,23,206,54,13,6,0,5,0,345,374,0.273,0.347,0.426,1270,224,347,62,18,541,32,0,123,40,52,29,195,16,17,248,78,11,2,0,12,0,310,356
2024,Nicholls,Southland,57,31,26,0,0.268,0.329,0.382,1454,222,389,70,11,556,25,1,112,84,100,28,202,16,39,212,37,23,10,0,16,0,419,442,0.25,0.322,0.36,1467,212,367,67,17,528,20,0,107,38,51,54,190,11,35,223,49,12,6,0,13,0,429,453
2024,Norfolk St.,MEAC,47,4,43,0,0.213,0.298,0.281,1116,105,238,41,1,314,11,0,114,40,43,23,91,5,27,233,61,26,8,0,3,0,291,345,0.327,0.403,0.449,1306,312,427,80,8,586,21,0,153,97,113,23,257,15,24,151,48,14,3,0,16,0,329,342
2024,N.C. A&T,CAA,48,12,36,0,0.221,0.314,0.327,1149,158,254,46,8,376,20,0,124,61,74,35,136,9,23,315,74,6,1,0,13,0,288,295,0.33,0.406,0.48,1267,295,418,86,13,608,26,0,156,98,103,23,266,26,26,119,36,19,5,0,5,0,323,416
2024,Tarleton St.,WAC,55,23,32,0,0.282,0.354,0.432,1427,242,402,96,10,617,33,3,149,37,41,19,227,17,26,182,61,23,15,0,4,0,362,478,0.309,0.4,0.449,1410,286,436,87,7,633,32,0,198,45,57,25,267,14,32,172,54,25,12,0,12,0,387,433
2024,Utah Tech,WAC,50,19,31,0,0.258,0.327,0.347,1261,185,325,51,4,438,18,2,116,42,55,17,168,8,23,245,57,12,7,0,13,0,348,342,0.32,0.377,0.478,1355,267,434,66,8,648,44,0,101,41,57,36,242,22,25,184,44,7,6,0,16,0,274,469
2024,Bellarmine,ASUN,46,13,32,1,0.22,0.29,0.304,1109,131,244,35,5,337,16,0,97,34,37,16,123,9,14,222,55,17,9,0,3,0,299,334,0.272,0.343,0.405,1183,224,322,67,12,479,22,0,115,67,84,19,192,13,23,154,33,6,0,0,17,0,342,343
2024,UC San Diego,Big West,51,16,35,0,0.254,0.322,0.32,1294,148,329,42,11,414,7,1,104,60,71,33,140,14,21,210,53,12,8,0,11,0,375,372,0.324,0.38,0.449,1398,293,453,80,10,628,25,3,116,61,75,23,260,20,46,160,47,13,5,0,14,0,377,407
2024,Queens (NC),ASUN,55,29,26,0,0.216,0.315,0.28,1340,153,289,35,6,375,13,0,170,64,76,29,129,12,55,279,90,21,11,0,12,0,415,366,0.233,0.306,0.325,1405,179,328,49,8,456,21,0,121,63,74,29,167,7,29,344,96,9,6,0,11,0,312,413
2024,Lindenwood,OVC,50,25,25,0,0.236,0.315,0.3,1249,154,295,40,8,375,8,0,116,57,72,31,128,5,34,193,53,10,5,0,15,0,404,349,0.257,0.33,0.365,1263,184,324,67,14,461,14,2,113,38,46,29,168,8,28,305,73,8,2,0,8,0,244,393
2024,Southern Ind.,OVC,47,25,22,0,0.255,0.328,0.334,1292,146,329,58,3,432,13,0,120,28,35,25,138,8,24,222,52,13,6,0,7,0,355,381,0.229,0.305,0.317,1232,169,282,45,3,390,19,0,126,55,64,16,140,17,27,275,57,9,3,0,9,0,237,432
2024,Stonehill,NEC,51,14,37,0,0.236,0.309,0.297,1281,154,302,44,2,380,10,2,115,36,44,22,135,1,51,245,76,13,5,0,8,0,383,339,0.323,0.402,0.47,1357,298,438,72,10,638,36,1,166,71,95,21,265,10,18,127,26,16,9,0,24,0,399,373
2024,East Texas A&M,Southland,54,9,45,0,0.218,0.277,0.284,1281,129,279,48,5,364,9,0,95,76,92,12,105,3,29,251,53,10,6,0,16,0,448,289,0.334,0.42,0.529,1458,376,487,115,16,772,46,1,181,82,90,46,337,17,44,178,50,12,3,0,8,0,293,500
2024,Le Moyne,NEC,54,17,37,0,0.261,0.333,0.376,1374,204,358,58,8,516,28,1,136,19,26,19,178,11,44,269,69,17,8,0,7,0,416,343,0.33,0.394,0.477,1502,329,496,91,12,716,35,0,124,79,86,43,297,15,28,226,61,15,6,0,7,0,384,386
2024,Wofford,SoCon,47,23,24,0,0.227,0.32,0.286,1245,172,283,42,5,356,7,0,151,50,59,22,142,6,47,230,56,17,8,0,9,0,377,353,0.283,0.332,0.382,1337,184,378,64,12,511,15,0,88,40,53,14,153,8,47,172,35,16,7,0,13,0,425,366
