season,team,conference,kills,errors,total_attacks,hit_pct,assists,aces,s_err,digs,ret_att,r_err,block_solos,block_assists,b_err,pts,bhe,trpl_dbl,opponent_kills,opponent_errors,opponent_total_attacks,opponent_hit_pct,opponent_assists,opponent_aces,opponent_s_err,opponent_digs,opponent_ret_att,opponent_r_err,opponent_block_solos,opponent_block_assists,opponent_b_err,opponent_pts,opponent_bhe,opponent_trpl_dbl
2025,Le Moyne,NEC,578,308,1856,0.145,545,83,126,719,1217,130,13,156,10,752,3,17,776,265,1881,0.272,723,130,125,848,968,83,22,194,14,1025,2,17
2025,Utah Valley,WAC,752,354,2082,0.191,684,92,154,806,1250,89,27,362,20,1052,NA,16,759,376,2160,0.177,696,89,122,832,1211,92,35,247,23,1006.5,1,16
2025,North Ala.,ASUN,934,338,2489,0.239,845,128,159,1017,1342,105,16,190,12,1173,5,19,848,340,2360,0.215,782,105,133,1019,1408,128,22,200,21,1075,3,19
2025,California Baptist,WAC,731,377,2092,0.169,683,97,155,807,1335,126,57,158,36,964,5,17,801,364,2152,0.203,736,126,153,822,1229,98,42,199,37,1068.5,2,17
2025,Abilene Christian,WAC,966,476,2573,0.19,882,135,165,1012,1478,116,39,172,34,1226,5,20,827,367,2395,0.192,766,116,144,901,1484,135,52,269,35,1129.5,5,20
2025,Akron,MAC,992,420,2650,0.216,917,116,163,1039,1506,134,28,244,19,1258,1,18,902,352,2517,0.219,825,133,147,1005,1463,116,37,256,12,1200,2,18
2025,Alabama A&M,SWAC,828,334,2118,0.233,778,132,90,856,1196,63,47,142,22,1078,1,18,778,396,2166,0.176,737,63,120,823,1421,131,48,158,19,968,1,18
2025,Alabama St.,SWAC,695,323,1915,0.194,643,82,81,727,1205,112,35,140,28,882,5,18,779,303,1961,0.243,723,112,118,743,1157,82,31,143,17,993.5,6,18
2025,Alabama,SEC,722,330,1936,0.202,676,114,143,808,1097,84,26,183,23,953.5,1,16,652,289,1891,0.192,607,84,141,751,1129,114,22,203,23,859.5,1,16
2025,UAB,American,789,303,2049,0.237,721,104,162,832,1352,133,26,238,27,1038,2,18,876,345,2203,0.241,783,133,137,861,1251,104,14,230,23,1138,2,18
2025,UAlbany,America East,825,304,2385,0.218,758,122,129,1084,1290,108,11,198,9,1057,5,18,902,326,2498,0.231,816,108,178,1054,1357,122,21,188,17,1125,3,18
2025,Alcorn,SWAC,565,384,2069,0.087,513,95,155,819,1373,152,24,98,8,733,9,20,804,299,2151,0.235,726,152,174,946,1059,95,31,146,7,1060,3,20
2025,American,Patriot,817,228,2036,0.289,763,145,155,916,1068,107,34,171,15,1081.5,NA,18,689,371,2132,0.149,634,107,135,816,1318,145,22,129,21,882.5,1,18
2025,App State,Sun Belt,898,336,2432,0.231,813,112,185,934,1323,86,35,263,24,1176.5,3,16,908,402,2468,0.205,834,86,147,1011,1343,112,27,188,16,1115,4,16
2025,Arizona,Big 12,754,284,1949,0.241,664,81,127,763,1069,64,14,181,13,939.5,NA,15,704,276,1922,0.223,647,64,126,763,1137,81,25,168,14,877,2,15
2025,Arkansas St.,Sun Belt,868,313,2239,0.248,807,107,135,944,1209,92,44,248,32,1143,5,17,736,412,2244,0.144,685,92,96,933,1364,107,28,185,25,948.5,1,17
2025,Arkansas,SEC,836,350,2319,0.21,790,75,151,915,1308,99,23,216,36,1042,1,17,856,329,2247,0.235,808,99,151,947,1261,75,18,327,27,1136.5,1,17
2025,Little Rock,OVC,847,377,2493,0.189,786,78,110,1124,1293,101,19,241,22,1064.5,2,18,809,384,2498,0.17,753,101,127,1110,1358,78,27,242,17,1058,5,18
2025,Auburn,SEC,750,232,1975,0.262,700,70,137,850,1036,55,18,319,20,997.5,1,17,743,379,2138,0.17,699,55,165,875,1231,70,20,154,25,895,3,17
2025,Austin Peay,ASUN,710,394,2173,0.145,655,116,133,853,1351,137,31,174,33,944,4,18,831,328,2136,0.235,753,137,156,913,1214,116,27,222,20,1106,NA,18
2025,Ball St.,MAC,1053,360,2673,0.259,978,95,120,1101,1465,73,40,188,29,1282,2,19,1028,336,2629,0.263,951,73,133,1058,1527,95,60,187,31,1254.5,1,19
2025,Charleston So.,Big South,868,387,2587,0.186,811,110,180,1129,1399,111,33,197,23,1109.5,4,19,836,385,2498,0.181,769,111,157,1130,1371,110,31,222,34,1089,8,19
2025,Baylor,Big 12,767,305,1978,0.234,688,89,134,787,1095,71,34,187,29,983.5,2,15,700,294,1909,0.213,654,71,143,756,1188,89,30,226,21,914,5,15
2025,Bethune-Cookman,SWAC,806,360,2491,0.179,746,97,63,1107,1392,132,35,240,31,1058,3,19,927,400,2635,0.2,857,132,137,1139,1433,97,25,160,27,1164,5,19
2025,Binghamton,America East,855,332,2379,0.22,791,55,88,1013,1357,111,14,234,22,1041,NA,18,948,342,2469,0.245,877,111,141,1011,1348,55,20,254,22,1206,10,18
2025,Boise St.,Mountain West,882,374,2484,0.205,829,80,111,1039,1286,45,35,310,38,1152,5,17,832,391,2452,0.18,766,45,117,1014,1375,80,33,304,30,1062,1,17
2025,Boston College,ACC,797,306,2041,0.241,737,119,140,814,1163,97,31,258,20,1076,6,18,763,368,2101,0.188,687,97,176,783,1350,119,16,206,10,979,10,18
2025,Bowling Green,MAC,901,401,2340,0.214,839,127,198,904,1417,119,30,297,22,1206.5,3,19,810,416,2304,0.171,765,119,151,855,1412,127,37,246,25,1089,3,19
2025,Bradley,MVC,844,370,2423,0.196,792,95,100,1055,1369,101,41,148,26,1054,8,18,884,362,2473,0.211,844,101,122,1034,1356,95,23,216,28,1116,6,18
2025,BYU,Big 12,870,310,2004,0.279,810,111,130,777,1091,59,36,219,30,1126.5,2,17,694,340,1953,0.181,658,59,140,670,1325,111,21,215,18,881.5,NA,17
2025,Brown,Ivy League,625,262,1673,0.217,564,72,89,675,990,82,21,162,14,799,1,14,641,258,1703,0.225,571,82,116,665,1006,72,32,117,19,813.5,2,14
2025,Bryant,America East,972,400,2580,0.222,869,139,187,1037,1465,124,19,207,12,1233.5,5,20,861,370,2485,0.198,778,124,152,989,1489,139,26,244,17,1133,6,20
2025,Bucknell,Patriot,779,334,2218,0.201,717,72,91,977,1279,110,24,160,12,955,6,17,861,362,2396,0.208,793,110,146,934,1290,72,28,255,20,1126.5,1,17
2025,Buffalo,MAC,697,317,1930,0.197,647,91,111,796,1211,107,42,132,28,896,5,16,793,306,2042,0.238,729,107,133,773,1150,91,48,125,20,1010.5,5,16
2025,Butler,Big East,845,379,2348,0.198,786,102,178,866,1378,88,19,214,36,1073,2,19,859,332,2214,0.238,789,88,148,943,1282,102,43,228,21,1104,4,19
2025,Cal Poly,Big West,813,241,2042,0.28,739,88,182,863,1144,73,25,244,38,1048,9,18,798,350,2184,0.205,725,73,174,857,1252,88,26,148,37,971,1,18
2025,CSU Bakersfield,Big West,731,368,2212,0.164,683,98,132,882,1323,128,27,162,15,937,3,18,812,309,2204,0.228,726,128,140,891,1187,98,38,242,18,1099,3,18
2025,Fresno St.,Mountain West,709,277,2061,0.21,635,68,83,846,1259,112,28,193,28,901.5,1,17,879,322,2226,0.25,789,112,121,898,1175,68,24,120,36,1075,NA,17
2025,Cal St. Fullerton,Big West,737,343,2206,0.179,680,91,131,855,1342,98,30,188,37,952,4,18,853,359,2233,0.221,794,98,120,952,1227,91,67,152,20,1094,3,18
2025,Long Beach St.,Big West,872,334,2193,0.245,782,75,138,861,1178,58,28,267,31,1108.5,2,17,758,345,2147,0.192,694,58,138,791,1300,75,30,232,31,962,1,17
2025,CSUN,Big West,871,356,2388,0.216,796,105,124,991,1313,97,36,238,26,1131,5,17,856,380,2459,0.194,781,97,164,926,1437,105,49,205,23,1104.5,6,17
2025,UC Santa Barbara,Big West,981,377,2421,0.249,902,81,162,920,1355,95,57,251,33,1244.5,3,18,846,393,2357,0.192,770,95,171,859,1481,81,24,224,29,1077,5,18
2025,California,ACC,701,363,2074,0.163,649,74,135,811,1237,87,20,226,32,908,5,16,769,336,2051,0.211,715,87,141,834,1144,74,34,246,27,1013,6,16
2025,UC Davis,Big West,669,284,1763,0.218,628,75,150,728,958,67,29,202,21,874,3,14,549,290,1711,0.151,498,67,114,661,1018,75,16,203,26,733.5,6,14
2025,UC Irvine,Big West,761,371,2307,0.169,704,83,117,967,1317,120,33,255,21,1004.5,7,18,812,364,2345,0.191,751,120,134,1001,1263,83,36,186,25,1061,4,18
2025,UCLA,Big Ten,787,319,2023,0.231,740,69,144,823,1124,66,15,244,31,993,1,16,720,333,2046,0.189,672,66,145,764,1202,69,23,210,27,914,1,16
2025,UC Riverside,Big West,690,342,2064,0.169,633,81,146,838,1213,94,24,130,35,860,NA,16,765,275,2042,0.24,691,94,155,853,1094,81,22,212,37,987,2,16
2025,Campbell,CAA,816,310,2119,0.239,740,124,184,914,1147,74,21,184,16,1053,NA,17,680,302,2041,0.185,624,74,139,840,1225,124,19,172,19,859,1,17
2025,Canisius,MAAC,799,380,2364,0.177,750,110,193,989,1338,96,20,152,17,1005,4,17,789,275,2216,0.232,738,96,142,1016,1182,110,32,216,41,1025,1,17
2025,Central Conn. St.,NEC,763,407,2202,0.162,707,112,191,843,1315,150,21,148,18,970,6,17,688,269,1945,0.215,634,150,134,829,1127,112,35,256,22,1001,2,17
2025,UCF,Big 12,843,295,2055,0.267,760,120,203,801,1158,85,18,243,19,1102.5,NA,17,671,336,1943,0.172,609,85,125,761,1234,120,42,168,17,882,NA,17
2025,Central Mich.,MAC,818,378,2243,0.196,766,120,175,864,1399,128,39,168,17,1061,4,19,853,338,2221,0.232,795,128,152,908,1292,120,48,206,29,1132,3,19
2025,Cincinnati,Big 12,769,212,1975,0.282,700,73,117,823,1111,77,34,231,24,991.5,1,15,818,337,2135,0.225,744,77,136,847,1214,73,25,108,17,974,NA,15
2025,The Citadel,SoCon,520,301,1769,0.124,496,55,113,721,1162,125,33,102,20,659,5,16,754,239,1816,0.284,698,125,136,829,875,55,37,184,28,1008,2,16
2025,Clemson,ACC,855,328,2301,0.229,808,95,167,1038,1198,76,41,166,30,1074,NA,18,767,320,2288,0.195,718,76,168,945,1286,95,32,220,30,985,1,18
2025,Coastal Carolina,Sun Belt,771,298,2120,0.223,706,100,132,930,1161,108,48,260,20,1049,1,17,749,362,2213,0.175,688,108,158,907,1275,100,28,172,7,971,2,17
2025,Colorado,Big 12,792,279,1979,0.259,738,107,142,781,1097,63,38,228,23,1051,1,17,708,382,2003,0.163,652,63,128,770,1268,107,25,208,26,900,3,17
2025,Columbia,Ivy League,656,292,1872,0.194,608,100,132,726,1181,130,26,179,12,871.5,3,15,732,267,1848,0.252,680,130,110,789,1028,100,21,206,19,986,1,15
2025,UConn,Big East,886,304,2118,0.275,782,150,186,843,1212,77,54,170,16,1175,2,18,767,321,2097,0.213,692,77,173,792,1365,150,53,156,18,975,1,18
2025,Coppin St.,MEAC,1016,450,2733,0.207,954,131,163,1197,1503,95,27,184,43,1266,NA,21,960,382,2715,0.213,915,95,192,1093,1579,131,50,318,42,1264,3,21
2025,Cornell,Ivy League,730,257,1835,0.258,659,96,150,746,1056,91,44,166,25,953,2,15,633,286,1816,0.191,569,91,113,709,1104,96,36,86,16,803,3,15
2025,Dartmouth,Ivy League,575,294,1841,0.153,528,87,127,777,1112,96,23,148,18,759,2,15,697,255,1874,0.236,637,96,127,881,954,87,30,154,13,900,5,15
2025,Davidson,Atlantic 10,829,391,2336,0.188,769,73,110,970,1305,84,29,146,22,1004,4,17,813,317,2257,0.22,727,84,115,965,1259,73,35,268,30,1066,2,17
2025,Dayton,Atlantic 10,820,291,2181,0.243,759,99,124,946,1156,79,17,233,29,1052.5,2,18,777,378,2309,0.173,722,79,133,914,1340,99,17,178,20,962,5,18
2025,DePaul,Big East,874,378,2382,0.208,824,109,126,980,1344,104,32,244,24,1137,2,17,843,357,2362,0.206,778,104,125,958,1366,109,28,218,18,1084,3,17
2025,Delaware,CUSA,648,279,1812,0.204,607,93,89,711,1048,80,9,249,5,874.5,7,15,696,310,1861,0.207,647,80,116,772,1108,93,10,172,13,872,3,15
2025,Denver,Summit League,839,329,2055,0.248,786,108,164,757,1233,75,22,206,23,1072,1,17,769,379,2050,0.19,706,75,132,722,1300,108,22,256,19,994,1,17
2025,Drake,MVC,823,390,2492,0.174,766,71,114,1072,1306,70,21,234,26,1032,NA,17,848,386,2495,0.185,795,70,130,1104,1322,71,29,242,23,1068,2,17
2025,Duke,ACC,818,367,2337,0.193,754,87,173,955,1349,88,24,218,16,1038,8,17,820,315,2261,0.223,756,88,125,958,1210,87,22,282,17,1071,5,17
2025,Duquesne,Atlantic 10,914,366,2504,0.219,856,117,157,1000,1371,87,38,222,22,1180,NA,18,878,343,2431,0.22,804,87,136,1029,1371,117,34,252,31,1125,2,18
2025,East Carolina,American,814,319,2274,0.218,737,109,144,943,1281,88,38,243,23,1082.5,7,17,824,367,2361,0.194,743,88,131,960,1319,109,34,212,10,1052,8,17
2025,ETSU,SoCon,779,301,2036,0.235,735,100,182,805,1179,99,17,232,11,1012,1,17,726,344,2012,0.19,695,99,156,816,1206,101,33,202,17,959,3,17
2025,Eastern Ill.,OVC,668,281,1936,0.2,618,48,66,872,1026,78,27,147,23,816.5,1,14,708,303,2043,0.198,665,78,132,859,1114,48,27,126,19,876,5,14
2025,Eastern Ky.,ASUN,956,328,2411,0.26,911,112,139,1040,1315,98,32,184,19,1192,3,18,844,367,2405,0.198,784,98,129,936,1436,112,38,207,39,1083.5,4,18
2025,Eastern Mich.,MAC,942,443,2744,0.182,870,122,121,1162,1489,109,34,286,27,1241,5,20,931,415,2733,0.189,862,109,145,1141,1537,122,34,248,17,1198,3,20
2025,Eastern Wash.,Big Sky,617,330,2011,0.143,559,65,120,766,1358,150,59,191,7,836.5,9,17,895,354,2209,0.245,811,150,158,922,1127,65,38,176,7,1171,8,17
2025,Evansville,MVC,901,483,2776,0.151,841,81,198,1167,1540,104,28,204,26,1112,4,19,912,374,2626,0.205,842,104,188,1167,1390,81,24,284,19,1182,5,19
2025,FDU,NEC,872,386,2488,0.195,802,110,154,1010,1376,128,32,200,20,1114,5,20,834,394,2457,0.179,764,128,162,985,1424,110,37,258,32,1128,5,20
2025,Fla. Atlantic,American,904,351,2426,0.228,836,103,121,1025,1330,86,39,233,18,1162.5,NA,19,842,385,2430,0.188,777,86,103,978,1409,103,32,188,19,1054,3,19
2025,FIU,CUSA,874,357,2350,0.22,807,123,187,980,1298,103,27,194,4,1121,NA,18,775,314,2246,0.205,707,102,147,910,1295,123,32,285,27,1051.5,NA,18
2025,Florida St.,ACC,725,277,1976,0.227,680,77,89,800,1073,55,21,214,19,930,3,15,737,323,2035,0.203,693,55,109,809,1174,77,16,213,15,914.5,5,15
2025,Florida,SEC,812,314,2043,0.244,741,81,148,844,1174,66,33,216,34,1034,4,15,749,296,2058,0.22,695,66,130,778,1193,81,21,201,22,936.5,2,15
2025,Fordham,Atlantic 10,667,307,2140,0.168,604,97,109,849,1239,86,17,336,12,949,1,17,832,406,2260,0.188,770,86,107,1029,1202,97,25,173,20,1029.5,1,17
2025,Furman,SoCon,857,332,2377,0.221,791,105,128,1010,1297,90,26,272,21,1124,4,18,824,392,2412,0.179,776,90,114,1018,1373,105,28,228,31,1056,4,18
2025,George Mason,Atlantic 10,880,371,2325,0.219,803,142,198,965,1307,126,39,279,30,1200.5,NA,18,772,370,2292,0.175,737,126,183,933,1404,142,39,153,24,1013.5,2,18
2025,George Washington,Atlantic 10,984,389,2486,0.239,899,116,142,952,1355,111,62,194,36,1259,1,19,819,385,2349,0.185,769,111,142,908,1511,116,49,183,20,1070.5,3,19
2025,Georgetown,Big East,930,361,2514,0.226,861,142,187,959,1477,143,56,192,19,1224,2,19,923,383,2489,0.217,840,143,168,1018,1486,142,51,174,20,1204,3,19
2025,Ga. Southern,Sun Belt,829,286,2252,0.241,753,90,108,1043,1062,67,38,186,16,1050,3,17,695,360,2264,0.148,643,67,126,976,1310,90,21,191,25,878.5,NA,17
2025,Georgia St.,Sun Belt,827,374,2229,0.203,770,82,112,984,1200,85,30,189,13,1033.5,2,17,720,357,2202,0.165,677,85,127,874,1312,82,21,272,18,962,5,17
2025,Georgia Tech,ACC,729,328,1861,0.215,702,73,96,730,1143,84,21,224,18,935,NA,15,790,298,1947,0.253,745,84,170,662,1188,73,15,252,35,1015,1,15
2025,Georgia,SEC,701,242,1859,0.247,646,90,147,783,1108,82,18,316,32,967,2,16,751,357,2087,0.189,716,82,137,806,1151,90,16,199,19,948.5,3,16
2025,Gonzaga,WCC,798,324,2062,0.23,731,101,138,813,1184,83,44,136,22,1011,1,16,732,318,2004,0.207,672,83,122,796,1224,101,60,172,17,961,4,16
2025,Grambling,SWAC,496,300,1595,0.123,463,76,114,610,1070,134,14,116,22,644,2,17,625,234,1570,0.249,566,134,126,667,861,76,29,132,21,854,2,17
2025,Hampton,CAA,489,327,1735,0.093,453,64,98,606,1280,176,28,76,17,619,5,18,794,249,1782,0.306,738,176,129,753,889,64,39,203,17,1110.5,1,18
2025,Harvard,Ivy League,528,255,1443,0.189,483,87,99,539,947,91,18,195,22,730.5,1,13,605,256,1509,0.231,546,91,115,546,910,87,16,178,11,801,NA,13
2025,Hofstra,CAA,774,278,1891,0.262,714,110,138,857,935,46,24,282,20,1049,NA,15,515,326,1841,0.103,489,46,78,714,1155,110,18,184,16,671,1,15
2025,Holy Cross,Patriot,917,454,2733,0.169,836,152,168,1113,1679,181,32,207,25,1204.5,7,22,1039,384,2740,0.239,951,181,205,1139,1540,152,34,321,34,1414.5,5,22
2025,Houston Christian,Southland,823,372,2353,0.192,748,84,112,958,1293,96,22,160,21,1009,1,19,806,324,2282,0.211,735,96,131,967,1302,84,35,205,16,1039.5,3,19
2025,Houston,Big 12,727,263,1986,0.234,657,76,172,764,1178,99,26,270,25,964,3,17,768,349,2062,0.203,706,99,137,867,1136,77,19,157,21,964.5,1,17
2025,Howard,MEAC,861,360,2238,0.224,816,141,162,884,1316,97,38,242,16,1161,3,17,804,373,2210,0.195,737,97,140,836,1371,141,31,242,27,1053,5,17
2025,Idaho St.,Big Sky,769,364,2346,0.173,720,81,112,961,1314,90,45,270,19,1030,1,17,859,426,2461,0.176,806,90,133,1032,1322,81,35,210,27,1089,2,17
2025,Idaho,Big Sky,784,378,2377,0.171,726,79,89,1002,1359,116,38,146,36,974,4,17,870,355,2447,0.21,800,116,139,968,1324,79,42,209,38,1132.5,1,17
2025,Illinois St.,MVC,880,406,2441,0.194,810,79,149,1037,1399,113,47,236,30,1124,4,18,829,376,2409,0.188,761,113,136,976,1338,79,31,254,15,1100,5,18
2025,Illinois,Big Ten,745,261,1922,0.252,679,92,127,743,1098,92,21,213,31,964.5,2,15,741,283,1932,0.237,675,92,144,742,1151,92,25,200,16,958,3,15
2025,UIC,MVC,834,357,2197,0.217,785,85,108,936,1199,97,21,231,13,1055.5,3,16,725,327,2137,0.186,679,97,119,820,1271,85,25,244,28,969,5,16
2025,Indiana St.,MVC,942,377,2611,0.216,872,99,124,1140,1403,98,39,177,13,1168.5,3,19,943,330,2617,0.234,859,98,157,1140,1426,99,40,194,25,1178,NA,19
2025,Indiana,Big Ten,760,242,1732,0.299,708,86,112,662,980,83,29,250,25,1000,2,16,637,306,1720,0.192,595,83,123,603,1167,86,24,139,17,813.5,3,16
2025,Iowa,Big Ten,888,344,2174,0.25,813,90,122,821,1306,95,36,247,16,1137.5,NA,18,841,353,2227,0.219,774,95,133,781,1354,90,27,216,19,1071,1,18
2025,Purdue Fort Wayne,Horizon,824,409,2415,0.172,779,64,143,982,1433,114,24,220,39,1022,1,18,900,340,2406,0.233,843,114,158,994,1291,64,26,247,42,1163.5,2,18
2025,Iona,MAAC,929,515,3064,0.135,871,153,164,1418,1658,130,22,246,39,1227,NA,21,992,437,3069,0.181,930,130,179,1425,1573,153,50,212,21,1278,2,21
2025,Iowa St.,Big 12,912,334,2174,0.266,844,88,156,876,1170,62,30,167,40,1113.5,2,17,731,315,2100,0.198,674,62,145,772,1309,88,38,180,14,921,3,17
2025,Jackson St.,SWAC,754,368,1974,0.196,705,79,127,745,1234,115,45,172,29,964,4,16,724,342,1979,0.193,669,115,133,696,1220,79,35,200,15,974,3,16
2025,Jacksonville St.,CUSA,852,421,2332,0.185,794,137,199,994,1370,117,25,144,10,1086,6,18,781,321,2236,0.206,707,117,179,889,1338,137,24,246,13,1045,6,18
2025,Jacksonville,ASUN,844,289,2085,0.266,789,133,109,846,1205,108,22,226,18,1112,8,18,780,352,2094,0.204,722,108,128,780,1372,133,16,183,27,995.5,17,18
2025,James Madison,Sun Belt,987,344,2370,0.271,923,100,137,933,1381,75,34,269,18,1255.5,NA,18,917,354,2359,0.239,849,75,125,880,1445,100,46,205,18,1140.5,NA,18
2025,Kansas St.,Big 12,715,273,1794,0.246,670,76,121,707,978,46,28,180,14,909,NA,14,621,277,1717,0.2,591,46,99,661,1048,76,19,184,15,778,NA,14
2025,Kansas,Big 12,1031,381,2697,0.241,964,108,183,1109,1440,92,23,360,20,1342,NA,20,928,452,2708,0.176,865,92,180,1111,1601,108,40,229,27,1174.5,NA,20
2025,Kent St.,MAC,769,364,2322,0.174,712,99,154,935,1371,124,48,180,24,1006,5,18,807,379,2268,0.189,752,124,109,1007,1225,99,48,218,18,1088,NA,18
2025,Lafayette,Patriot,682,327,2306,0.154,646,72,109,970,1320,125,17,197,16,869.5,10,18,896,353,2385,0.228,839,125,137,1130,1171,72,11,190,17,1127,8,18
2025,Lamar University,Southland,943,348,2957,0.201,891,123,221,1322,1612,127,84,213,27,1256.5,1,21,1041,488,3090,0.179,963,127,154,1486,1523,123,47,172,26,1301,2,21
2025,Lehigh,Patriot,788,321,2022,0.231,731,125,164,813,1217,85,42,218,16,1064,4,17,738,322,2015,0.206,685,85,111,792,1200,125,25,166,10,931,5,17
2025,Liberty,CUSA,962,312,2483,0.262,881,123,178,1009,1352,95,34,208,27,1223,2,19,901,391,2442,0.209,848,95,158,1032,1478,123,21,262,35,1148,3,19
2025,LIU,NEC,812,327,2066,0.235,736,112,118,849,1161,103,30,160,13,1034,3,17,692,300,1996,0.196,643,102,113,795,1239,112,19,202,19,914,1,17
2025,LSU,SEC,812,348,2131,0.218,764,59,169,824,1237,79,26,254,27,1024,1,17,788,336,2111,0.214,730,79,165,808,1222,59,19,227,29,999.5,1,17
2025,Louisiana Tech,CUSA,788,379,2353,0.174,717,108,185,975,1459,124,25,208,49,1025,10,20,868,377,2418,0.203,787,124,160,973,1295,108,31,212,26,1129,9,20
2025,Louisville,ACC,815,249,2058,0.275,738,83,114,906,987,53,38,267,13,1069.5,4,16,670,347,2103,0.154,635,53,121,848,1251,83,31,180,40,844,2,16
2025,Loyola Maryland,Patriot,714,402,2371,0.132,650,103,145,992,1336,107,38,138,16,924,1,17,832,301,2279,0.233,782,107,157,1084,1167,103,57,178,26,1085,7,17
2025,Manhattan,MAAC,594,295,1874,0.16,549,93,119,703,1195,116,21,199,27,807.5,3,16,740,299,1880,0.235,702,116,98,850,997,93,16,162,22,953,3,16
2025,Marist,MAAC,731,377,2055,0.172,673,121,152,710,1367,146,27,91,19,924.5,NA,19,838,278,1928,0.29,759,146,161,787,1172,121,34,266,33,1151,2,19
2025,Marquette,Big East,782,270,2019,0.254,703,78,114,768,1095,64,39,188,27,993,NA,16,745,312,1987,0.218,693,64,126,778,1197,78,38,196,22,945,2,16
2025,Marshall,Sun Belt,863,353,2538,0.201,789,92,125,1041,1433,110,39,149,19,1068.5,2,19,963,367,2550,0.234,900,110,135,1132,1361,92,46,233,32,1235.5,NA,19
2025,UMBC,America East,777,371,2195,0.185,740,90,129,851,1274,90,29,252,17,1022,4,15,770,362,2151,0.19,720,90,109,834,1230,90,22,290,17,1027,1,15
2025,Maryland,Big Ten,699,329,2034,0.182,648,99,158,802,1237,103,19,297,11,965.5,3,16,786,361,2056,0.207,736,103,162,848,1190,99,29,250,22,1043,4,16
2025,UMES,MEAC,825,412,2300,0.18,764,120,147,902,1475,150,47,183,20,1083.5,2,19,903,356,2330,0.235,825,150,173,916,1368,120,58,190,19,1206,5,19
2025,McNeese,Southland,731,384,2325,0.149,678,69,108,996,1359,124,19,156,37,897,6,18,864,308,2343,0.237,765,124,148,1033,1183,69,41,186,20,1122,NA,18
2025,Memphis,American,848,426,2244,0.188,794,109,161,890,1381,150,41,157,36,1076.5,2,20,786,338,2170,0.206,727,150,172,815,1328,109,37,231,24,1088.5,1,20
2025,Mercer,SoCon,749,382,2299,0.16,674,93,184,942,1323,122,27,183,27,960.5,3,19,808,314,2230,0.222,736,122,186,976,1194,93,35,210,15,1070,6,19
2025,Miami (OH),MAC,866,349,2688,0.192,802,70,118,1127,1428,70,55,243,19,1112.5,5,19,1029,460,2830,0.201,968,70,160,1288,1478,70,33,270,11,1267,6,19
2025,Miami (FL),ACC,785,296,1893,0.258,710,144,189,710,1073,79,22,285,22,1093.5,NA,17,651,324,1852,0.177,588,79,175,659,1240,144,26,201,32,856.5,2,17
2025,Michigan St.,Big Ten,819,299,1975,0.263,761,117,152,772,1073,67,28,202,24,1065,2,16,649,321,1878,0.175,617,67,125,716,1249,117,26,195,22,839.5,7,16
2025,Michigan,Big Ten,824,267,1936,0.288,759,89,170,742,1116,63,33,204,29,1048,2,17,716,284,1908,0.226,647,63,131,709,1171,89,20,166,37,882,1,17
2025,Middle Tenn.,CUSA,798,388,2353,0.174,743,105,159,998,1358,137,21,232,22,1040,2,18,821,382,2374,0.185,766,137,182,1036,1327,105,23,230,28,1096,1,18
2025,Minnesota,Big Ten,749,226,1860,0.281,691,95,121,781,1026,63,27,244,33,993,NA,17,742,340,2013,0.2,701,63,156,775,1221,95,17,154,27,899,NA,17
2025,Mississippi St.,SEC,762,266,1899,0.261,698,77,111,811,1015,59,26,228,32,979,NA,16,668,325,1969,0.174,616,59,112,759,1182,77,24,132,20,817,1,16
2025,Mississippi Val.,SWAC,418,286,1437,0.092,380,61,107,528,970,73,9,117,14,546.5,2,9,560,229,1462,0.226,503,73,90,611,737,61,17,100,6,700,1,9
2025,Ole Miss,SEC,814,354,2143,0.215,762,103,204,846,1250,80,19,228,33,1050,2,17,741,325,2059,0.202,697,80,160,812,1221,103,23,218,24,953,NA,17
2025,Missouri,SEC,858,310,2172,0.252,797,116,106,927,1207,81,36,254,19,1137,2,17,840,354,2261,0.215,778,81,160,868,1392,116,25,221,19,1056.5,3,17
2025,Montana St.,Big Sky,761,339,2188,0.193,689,101,107,875,1252,82,38,192,35,996,1,16,830,335,2206,0.224,785,82,120,920,1235,101,38,189,20,1044.5,1,16
2025,Montana,Big Sky,818,304,2268,0.227,750,80,106,1041,1162,64,25,219,13,1032.5,1,16,749,344,2311,0.175,694,64,92,953,1247,80,31,156,25,922,NA,16
2025,Morgan St.,MEAC,654,287,1684,0.218,591,101,136,621,1095,109,53,110,11,863,1,15,639,325,1715,0.183,574,109,116,633,1089,101,34,68,11,816,1,15
2025,Murray St.,MVC,636,295,1906,0.179,606,71,90,781,1184,122,31,112,16,794,NA,15,775,260,1971,0.261,720,122,108,820,1024,71,24,258,31,1050,NA,15
2025,UNC Asheville,Big South,803,359,2471,0.18,735,95,193,1053,1355,104,37,254,59,1062,7,18,843,394,2462,0.182,774,104,167,1126,1302,95,35,205,27,1084.5,3,18
2025,North Carolina,ACC,762,264,1833,0.272,698,62,121,723,961,46,17,296,16,989,4,15,623,346,1886,0.147,590,46,121,700,1171,62,28,184,16,789,1,15
2025,Charlotte,American,869,277,2416,0.245,820,108,157,1169,1263,86,45,248,31,1146,5,18,838,418,2590,0.162,762,86,130,1136,1390,108,28,140,14,1022,3,18
2025,UNC Greensboro,SoCon,870,327,2446,0.222,815,108,143,1105,1251,79,17,238,13,1114,NA,17,830,388,2509,0.176,772,79,154,1047,1391,108,22,238,30,1050,NA,17
2025,UNCW,CAA,567,339,1965,0.116,500,72,160,751,1217,125,28,188,17,761,1,17,768,307,1950,0.236,698,125,182,928,1001,72,14,221,17,1017.5,1,17
2025,Nebraska,Big Ten,777,230,1673,0.327,707,60,109,747,813,61,24,234,24,978,NA,16,517,325,1759,0.109,485,61,140,550,1178,60,19,137,22,665.5,NA,16
2025,Omaha,Summit League,671,242,1792,0.239,627,69,146,724,1066,81,23,218,24,872,3,14,700,307,1897,0.207,654,81,117,770,1035,69,16,156,28,875,1,14
2025,UNLV,Mountain West,756,320,2041,0.214,699,104,136,794,1186,84,24,206,16,987,4,16,725,327,2049,0.194,665,82,119,796,1205,104,35,214,30,949,3,16
2025,Nevada,Mountain West,671,341,1949,0.169,616,89,142,714,1150,90,25,176,22,873,4,16,697,276,1829,0.23,648,90,139,772,1068,89,16,243,19,924.5,3,16
2025,NJIT,America East,804,420,2582,0.149,740,102,100,1124,1518,142,35,184,16,1033,5,19,1046,370,2747,0.246,971,142,198,1155,1430,102,35,255,17,1350.5,4,19
2025,New Mexico St.,CUSA,893,449,2516,0.176,838,129,152,986,1437,108,44,230,29,1181,7,19,802,396,2330,0.174,750,108,123,1008,1416,129,50,203,19,1061.5,3,19
2025,New Mexico,Mountain West,797,318,2315,0.207,747,92,104,1002,1298,108,34,197,19,1021.5,8,17,880,398,2466,0.195,814,108,127,993,1336,92,32,278,42,1159,14,17
2025,New Orleans,Southland,844,347,2363,0.21,781,79,116,1057,1120,101,27,144,22,1022,2,16,879,344,2454,0.218,806,101,139,1032,1123,79,36,190,49,1111,7,16
2025,Niagara,MAAC,682,315,2185,0.168,659,70,72,1037,1227,107,43,134,26,862,3,15,822,368,2370,0.192,778,107,110,1035,1200,70,30,188,22,1053,1,15
2025,Nicholls,Southland,750,344,2117,0.192,692,99,122,881,1082,111,24,160,15,953,5,17,746,348,2110,0.189,699,111,132,864,1098,99,25,208,11,986,3,17
2025,Norfolk St.,MEAC,621,334,2003,0.143,574,98,130,806,1364,179,28,151,24,822.5,1,19,887,308,2148,0.27,810,179,186,927,1134,98,45,137,21,1179.5,1,19
2025,N.C. A&T,CAA,703,325,1971,0.192,654,95,143,788,1124,93,27,118,37,884,7,15,670,268,1857,0.216,640,93,133,825,1079,95,28,159,36,870.5,2,15
2025,N.C. Central,MEAC,777,360,2389,0.175,712,92,194,996,1378,121,47,116,32,974,4,18,833,329,2324,0.217,765,121,159,1016,1202,92,51,164,20,1087,1,18
2025,NC State,ACC,757,322,2213,0.197,704,86,130,911,1164,79,33,234,5,993,3,16,768,364,2211,0.183,710,79,160,934,1257,86,32,228,6,993,2,16
2025,St. Thomas (MN),Summit League,831,291,2138,0.253,751,132,158,895,1127,78,25,120,9,1048,1,16,687,236,1978,0.228,630,78,117,817,1183,132,25,180,19,880,NA,16
2025,Bellarmine,ASUN,816,402,2367,0.175,756,106,150,916,1317,86,25,178,36,1036,1,18,831,328,2217,0.227,777,86,171,952,1286,106,40,229,23,1071.5,NA,18
2025,UC San Diego,Big West,876,469,2481,0.164,814,96,144,948,1423,85,41,183,22,1104.5,6,18,862,323,2291,0.235,795,85,163,914,1348,96,44,319,31,1150.5,3,18
2025,Tarleton St.,WAC,773,320,2073,0.219,725,88,104,907,962,99,29,242,23,1011,2,14,776,345,2196,0.196,715,99,151,845,1057,88,35,152,17,986,3,14
2025,Louisiana,Sun Belt,783,278,2007,0.252,743,91,175,812,716,71,14,170,10,973,3,10,672,290,1903,0.201,612,71,154,784,742,91,24,150,22,842,7,10
2025,Stanford,ACC,845,251,1995,0.298,789,96,196,796,1022,38,17,232,14,1074,1,17,654,292,1915,0.189,616,38,147,721,1192,96,22,193,24,810.5,2,17
2025,SFA,Southland,822,305,2143,0.241,772,120,129,904,1146,64,21,256,23,1091,2,17,750,343,2142,0.19,697,64,121,883,1289,120,25,190,22,934,1,17
2025,Stetson,ASUN,789,365,2459,0.172,730,91,76,1100,1459,133,46,226,31,1039,4,18,989,419,2730,0.209,923,133,134,1134,1388,91,36,190,25,1253,2,18
2025,Stony Brook,CAA,668,278,1930,0.202,600,116,108,788,1057,87,17,143,11,872.5,5,15,678,266,1912,0.215,618,87,124,831,1103,116,30,136,10,863,2,15
2025,Syracuse,ACC,786,305,2187,0.22,721,106,116,909,1124,83,30,194,17,1019,3,16,714,331,2109,0.182,669,83,129,925,1257,106,21,211,21,923.5,3,16
2025,Temple,American,944,407,2762,0.194,858,107,132,1192,1460,116,66,154,21,1194,4,20,911,385,2689,0.196,837,116,159,1167,1516,107,46,233,44,1189.5,4,20
2025,Tennessee St.,OVC,610,371,2094,0.114,560,67,135,819,1403,163,38,116,28,773,NA,20,869,289,2151,0.27,785,164,159,925,1044,67,24,219,33,1166.5,1,20
2025,Tennessee Tech,OVC,810,407,2270,0.178,749,118,192,906,1314,99,16,150,38,1019,1,18,737,277,2049,0.224,679,99,148,894,1192,118,32,182,44,959,2,18
2025,Chattanooga,SoCon,862,350,2474,0.207,765,116,90,1072,1390,116,35,251,31,1138.5,1,18,957,396,2607,0.215,876,116,147,1094,1453,116,29,135,34,1169.5,NA,18
2025,Tennessee,SEC,722,211,1577,0.324,671,81,132,670,841,37,20,235,24,940.5,1,15,555,288,1663,0.161,521,37,121,544,1077,81,15,134,18,674,NA,15
2025,UT Martin,OVC,660,417,2223,0.109,609,84,124,891,1327,111,22,164,21,848,NA,17,807,302,2117,0.239,759,111,140,1002,1091,84,41,218,25,1068,1,17
2025,Texas A&M,SEC,821,278,1923,0.282,779,74,165,824,993,48,23,239,20,1037.5,2,16,603,301,1868,0.162,553,48,133,660,1171,74,29,166,24,763,2,16
2025,TCU,Big 12,866,307,2288,0.244,796,91,176,951,1205,68,23,267,15,1113.5,4,17,765,372,2267,0.173,716,68,157,935,1310,91,41,206,25,977,NA,17
2025,Texas Southern,SWAC,739,436,2279,0.133,673,82,109,889,1211,130,41,135,20,929.5,1,17,861,350,2356,0.217,792,130,150,873,1113,82,28,211,18,1124.5,4,17
2025,Texas Tech,Big 12,821,409,2433,0.169,775,94,133,1007,1402,110,30,184,18,1037,1,18,906,351,2410,0.23,829,110,186,1014,1359,94,48,262,7,1195,6,18
2025,Texas,SEC,743,229,1690,0.304,692,61,97,725,857,50,18,165,6,904.5,2,14,567,265,1712,0.176,538,50,116,579,1085,61,32,186,23,742,2,14
2025,UTEP,CUSA,803,244,1870,0.299,743,106,152,761,1047,61,39,222,18,1059,4,18,672,373,1961,0.152,610,61,122,696,1260,106,29,156,24,840,5,18
2025,UTSA,American,792,358,2282,0.19,736,108,136,1004,1209,87,29,226,18,1042,4,17,755,349,2264,0.179,709,87,154,935,1289,108,24,262,26,997,1,17
2025,Toledo,MAC,914,348,2463,0.23,831,154,225,1012,1339,82,36,240,11,1224,3,19,784,406,2448,0.154,727,82,142,981,1393,154,25,193,15,987.5,NA,19
2025,Towson,CAA,1087,410,2845,0.238,989,119,166,1320,1400,79,17,229,32,1337.5,2,19,840,385,2742,0.166,774,79,142,1144,1589,119,38,261,28,1087.5,1,19
2025,Troy,Sun Belt,682,337,1823,0.189,638,81,128,635,1094,91,13,130,8,841,2,14,647,235,1647,0.25,600,91,116,627,1017,81,22,323,23,921.5,3,14
2025,Tulane,American,839,324,2486,0.207,791,79,135,1188,1269,92,63,158,29,1060,1,17,861,377,2614,0.185,789,92,170,1174,1360,79,62,100,36,1065,3,17
2025,Tulsa,American,913,289,2262,0.276,852,92,164,1052,1157,73,29,204,9,1136,4,18,747,337,2318,0.177,702,73,148,899,1324,92,26,201,21,946.5,6,18
2025,Air Force,Mountain West,908,386,2484,0.21,838,107,186,1007,1340,87,36,218,27,1160,1,18,779,385,2387,0.165,726,87,119,977,1349,107,47,286,26,1056,1,18
2025,Army West Point,Patriot,861,385,2433,0.196,790,92,131,1060,1273,99,22,231,18,1090.5,6,17,750,338,2339,0.176,681,99,128,1017,1314,92,26,223,13,986.5,1,17
2025,Navy,Patriot,837,348,2394,0.204,792,104,143,955,1370,111,40,234,28,1098,1,17,877,362,2404,0.214,819,111,138,1006,1327,104,27,238,19,1134,3,17
2025,Utah St.,Mountain West,813,336,2013,0.237,753,83,104,761,1171,81,23,182,18,1010,NA,16,717,277,1902,0.231,665,81,99,689,1179,83,31,286,26,972,2,16
2025,Utah,Big 12,756,341,1983,0.209,698,86,199,737,1164,65,23,224,36,977,1,16,670,315,1854,0.191,603,65,123,746,1090,86,22,199,17,856.5,3,16
2025,Valparaiso,MVC,1030,420,2826,0.216,952,98,124,1233,1405,78,43,254,18,1298,5,19,875,418,2722,0.168,829,78,120,1205,1557,98,38,288,37,1135,7,19
2025,Villanova,Big East,930,312,2238,0.276,870,98,162,867,1266,90,17,236,17,1163,2,17,783,325,2193,0.209,734,90,119,809,1318,98,29,211,25,1007.5,5,17
2025,VCU,Atlantic 10,780,336,1997,0.222,734,101,130,774,1192,95,42,206,26,1026,2,15,734,312,1958,0.216,680,95,129,711,1196,101,31,245,25,982.5,NA,15
2025,Virginia Tech,ACC,732,279,1944,0.233,677,112,150,745,1176,83,24,239,33,987.5,2,17,763,349,2011,0.206,714,83,126,817,1185,112,30,138,19,945,3,17
2025,Virginia,ACC,681,319,1925,0.188,618,94,129,753,1226,83,29,241,10,924.5,1,16,803,347,2046,0.223,730,83,136,806,1162,94,32,173,12,1004.5,3,16
2025,Wake Forest,ACC,849,355,2221,0.222,802,95,113,900,1268,88,20,245,31,1086.5,7,17,814,334,2253,0.213,758,88,133,860,1325,95,25,256,21,1055,10,17
2025,Washington St.,WCC,797,311,1984,0.245,732,110,135,778,1103,91,31,192,33,1034,6,16,676,276,1886,0.212,624,91,147,706,1201,110,43,199,26,909.5,6,16
2025,Washington,Big Ten,753,286,1897,0.246,704,99,140,690,1170,93,28,222,23,991,5,16,756,328,1910,0.224,696,92,128,714,1182,100,20,218,31,977,2,16
2025,Weber St.,Big Sky,769,281,1956,0.249,713,104,130,753,1130,78,18,250,14,1016,4,17,724,348,1981,0.19,679,78,113,780,1224,104,28,199,13,929.5,3,17
2025,West Virginia,Big 12,796,275,1917,0.272,749,99,164,763,1138,98,38,252,24,1059,4,17,749,362,2030,0.191,698,98,182,744,1295,99,26,140,29,943,10,17
2025,Western Caro.,SoCon,784,353,2302,0.187,743,68,130,955,1322,100,34,178,14,975,1,17,825,311,2208,0.233,776,100,97,999,1160,68,30,210,32,1060,2,17
2025,Western Ill.,OVC,762,362,2512,0.159,684,136,148,1104,1482,139,34,252,43,1058,6,19,970,445,2694,0.195,881,139,176,1239,1413,136,33,215,27,1249.5,4,19
2025,William & Mary,CAA,700,309,2046,0.191,643,104,125,808,1299,94,46,274,9,987,3,17,868,398,2262,0.208,798,94,143,893,1253,104,20,250,11,1107,5,17
2025,Winthrop,Big South,816,310,2217,0.228,757,90,94,967,1184,72,28,168,20,1018,4,15,804,302,2259,0.222,742,72,132,908,1271,90,34,182,21,1001,NA,15
2025,Green Bay,Horizon,814,354,2417,0.19,742,112,164,1073,1338,98,31,197,13,1055.5,NA,18,872,376,2478,0.2,818,98,170,1101,1331,112,19,196,14,1087,NA,18
2025,Wisconsin,Big Ten,655,187,1445,0.324,610,70,130,646,756,28,19,210,21,849,NA,14,482,245,1489,0.159,440,28,99,511,941,70,10,127,8,583.5,NA,14
2025,Milwaukee,Horizon,742,352,2217,0.176,689,74,133,853,1397,128,26,198,36,941,NA,20,942,321,2259,0.275,899,128,149,976,1196,74,29,228,23,1213,3,20
2025,Wright St.,Horizon,911,394,2437,0.212,848,92,128,1039,1354,98,40,206,22,1146,4,18,866,372,2443,0.202,822,98,161,971,1420,92,33,223,27,1108.5,7,18
2025,Wyoming,Mountain West,848,329,2400,0.216,787,77,103,989,1309,62,55,228,28,1094,3,17,927,368,2459,0.227,858,62,125,1053,1329,77,43,237,20,1150.5,1,17
2025,Xavier,Big East,924,316,2398,0.254,814,108,139,1020,1276,77,40,244,19,1194,4,18,849,382,2478,0.188,774,77,153,946,1462,108,32,150,20,1033,6,18
2025,Youngstown St.,Horizon,890,331,2528,0.221,837,106,141,1112,1423,108,32,212,21,1134,2,18,968,392,2649,0.217,895,108,141,1147,1404,106,31,190,40,1202,3,18
2025,Central Ark.,ASUN,695,261,1890,0.23,604,91,108,763,1126,92,28,190,11,909,2,16,785,308,2003,0.238,724,92,136,813,1158,91,29,148,13,980,12,16
2025,Elon,CAA,668,350,2024,0.157,626,86,123,830,1220,110,28,148,19,856,1,17,754,298,2029,0.225,691,110,142,860,1108,86,30,188,14,988,NA,17
2025,Gardner-Webb,Big South,897,429,2991,0.156,842,118,138,1323,1545,123,42,227,28,1170.5,1,20,984,406,2950,0.196,918,123,160,1432,1478,118,48,234,18,1272,1,20
2025,Grand Canyon,Mountain West,771,320,2227,0.203,705,79,106,926,1183,80,30,290,18,1025,2,17,800,348,2271,0.199,725,80,149,953,1272,79,23,204,18,1005,2,17
2025,Kennesaw St.,CUSA,803,304,2034,0.245,732,120,185,779,1135,75,17,226,18,1053,NA,16,661,290,1868,0.199,608,75,127,780,1164,120,14,192,20,846,2,16
2025,Presbyterian,Big South,761,371,2460,0.159,711,71,117,1071,1383,121,34,208,17,970,5,17,877,393,2543,0.19,822,121,128,1145,1271,71,34,206,18,1135,2,17
2025,Seattle U,WCC,706,374,1987,0.167,643,105,143,737,1264,109,38,194,16,946,1,16,773,323,1977,0.228,693,109,154,793,1180,105,55,176,13,1025,1,16
2025,Ark.-Pine Bluff,SWAC,569,405,2053,0.08,515,58,112,759,1453,163,24,94,27,698,2,20,884,270,2066,0.297,811,163,140,942,995,58,29,142,25,1147,3,20
2025,IU Indy,Horizon,985,398,2470,0.238,918,91,219,1062,1416,101,42,166,16,1201,6,19,825,338,2375,0.205,753,101,156,912,1370,91,40,206,39,1069,2,19
2025,Kansas City,Summit League,679,371,2277,0.135,621,88,120,969,1351,137,25,167,39,875.5,7,18,858,324,2317,0.23,802,137,158,1073,1170,88,18,204,14,1115,1,18
2025,North Florida,ASUN,903,411,2521,0.195,844,117,130,1003,1498,134,14,280,23,1174,7,19,925,386,2503,0.215,869,134,141,1023,1447,117,22,248,21,1205,1,19
2025,UIW,Southland,810,311,2468,0.202,748,81,109,1068,1308,92,35,176,14,1014,1,18,908,385,2562,0.204,851,92,131,1155,1348,81,20,222,19,1131,6,18
2025,USC Upstate,Big South,920,376,2549,0.213,857,114,148,1058,1409,113,28,196,32,1160,2,18,884,368,2512,0.205,823,113,134,1095,1418,114,41,208,35,1142,5,18
2025,Belmont,MVC,794,253,2058,0.263,747,146,132,871,1102,73,22,198,33,1061,1,17,743,347,2100,0.189,706,73,124,836,1294,146,20,184,15,928,NA,17
2025,Lipscomb,ASUN,745,304,1851,0.238,702,94,213,676,1111,100,17,132,24,922,NA,16,604,212,1585,0.247,567,100,118,650,986,94,16,205,13,822.5,5,16
2025,North Dakota St.,Summit League,703,319,1852,0.207,652,102,115,756,1068,98,26,174,21,918,1,15,648,303,1832,0.188,607,98,135,711,1136,102,30,142,25,847,1,15
2025,North Dakota,Summit League,689,359,1987,0.166,633,109,180,804,1234,125,9,166,27,890,6,17,745,261,1921,0.252,675,125,195,822,1104,109,22,185,10,984.5,3,17
2025,North Texas,American,912,414,2382,0.209,843,113,147,966,1288,99,30,246,40,1178,4,18,709,346,2193,0.166,658,99,126,881,1382,113,43,238,22,970,6,18
2025,ULM,Sun Belt,851,394,2691,0.17,758,110,160,1092,1437,116,30,155,11,1068.5,6,20,883,331,2562,0.215,805,116,168,1130,1346,110,45,202,33,1145,3,20
2025,Northeastern,CAA,801,299,2075,0.242,752,94,144,868,1213,94,34,206,27,1032,1,15,757,318,2098,0.209,682,94,113,814,1207,94,34,170,17,970,2,15
2025,Northern Ariz.,Big Sky,911,279,2585,0.244,852,91,129,1176,1319,86,57,211,23,1164.5,5,19,903,464,2764,0.159,837,86,115,1172,1481,91,30,176,19,1107,7,19
2025,Northern Colo.,Big Sky,919,405,2430,0.212,834,102,173,979,1506,124,29,236,16,1168,NA,18,910,374,2447,0.219,832,123,145,904,1407,103,46,227,19,1192.5,NA,18
2025,NIU,MAC,762,389,2221,0.168,701,102,124,865,1264,87,32,184,15,988,5,16,767,332,2141,0.203,710,87,130,915,1212,102,44,192,20,994,NA,16
2025,Northern Ky.,Horizon,888,379,2509,0.203,833,108,141,1084,1334,95,28,268,19,1158,2,18,822,360,2447,0.189,764,95,130,1054,1358,108,34,244,25,1073,5,18
2025,Northwestern St.,Southland,578,374,2004,0.102,536,111,185,713,1452,143,16,188,25,799,5,20,855,309,2006,0.272,791,143,126,921,993,111,25,135,18,1090.5,2,20
2025,Northwestern,Big Ten,874,307,2228,0.254,820,120,146,919,1258,80,35,217,38,1137.5,1,18,865,368,2303,0.216,813,80,168,902,1406,120,29,221,38,1084.5,3,18
2025,Notre Dame,ACC,615,264,1644,0.214,560,86,136,633,961,73,26,200,25,827,2,14,604,277,1653,0.198,555,73,128,633,994,86,23,162,20,781,4,14
2025,Oakland,Horizon,851,359,2656,0.185,779,81,123,1086,1466,119,36,128,39,1032,4,19,955,341,2593,0.237,868,119,133,1194,1336,81,40,205,33,1216.5,6,19
2025,Ohio St.,Big Ten,648,308,1744,0.195,605,70,126,632,1104,76,22,185,20,832.5,4,14,696,252,1706,0.26,638,76,111,672,986,70,30,189,15,896.5,9,14
2025,Ohio,MAC,899,469,2601,0.165,830,123,232,978,1494,93,27,176,5,1137,4,19,821,304,2254,0.229,752,93,143,1013,1272,123,34,211,13,1053.5,4,19
2025,Oklahoma,SEC,833,329,1942,0.26,779,108,209,659,1193,76,32,262,21,1104,6,16,699,309,1817,0.215,627,76,163,656,1216,108,23,170,22,883,7,16
2025,Oral Roberts,Summit League,685,401,2066,0.137,644,68,134,803,1327,131,14,108,20,821,4,18,778,234,1943,0.28,709,131,139,812,1045,68,21,239,22,1049.5,7,18
2025,Oregon St.,WCC,771,279,1943,0.253,714,79,105,774,1074,79,45,200,18,995,5,16,688,315,1923,0.194,647,79,108,732,1199,81,24,209,26,895.5,3,16
2025,Oregon,Big Ten,804,301,1916,0.263,727,101,177,688,1165,96,28,254,35,1060,3,16,712,305,1853,0.22,651,96,155,659,1206,101,21,186,33,922,3,16
2025,Pacific,WCC,749,407,2226,0.154,685,119,147,904,1280,103,32,176,23,988,5,17,749,326,2144,0.197,683,103,159,881,1229,119,56,216,29,1016,4,17
2025,UTRGV,Southland,770,266,2008,0.251,699,91,157,850,1089,73,31,174,30,979,3,17,723,310,2028,0.204,678,73,146,848,1180,91,22,158,12,897,1,17
2025,Penn,Ivy League,778,258,2140,0.243,732,78,112,990,1071,71,18,126,14,937,3,15,693,249,2039,0.218,641,71,98,913,1107,78,19,178,18,872,1,15
2025,Pepperdine,WCC,705,271,1937,0.224,660,111,151,738,1113,69,27,234,25,960,NA,16,726,323,1989,0.203,675,69,136,779,1136,111,27,184,22,914,NA,16
2025,Portland St.,Big Sky,748,329,2145,0.195,690,105,132,839,1264,94,37,182,22,981,4,16,832,325,2174,0.233,751,94,149,914,1222,105,30,204,28,1058,2,16
2025,Portland,WCC,696,295,1869,0.215,630,99,135,726,1139,103,17,148,23,886,5,16,693,257,1810,0.241,623,103,121,702,1073,99,25,199,10,920.5,5,16
2025,Prairie View,SWAC,863,347,2443,0.211,796,108,181,1003,1435,128,49,162,39,1101,4,20,883,388,2455,0.202,830,128,152,1063,1366,108,22,196,17,1131,6,20
2025,Princeton,Ivy League,685,210,1681,0.283,644,50,95,737,929,70,21,153,12,832.5,2,13,630,262,1746,0.211,594,70,97,695,1006,50,10,132,16,776,1,13
2025,Providence,Big East,848,363,2433,0.199,754,145,119,1025,1299,77,36,274,35,1166,5,19,834,378,2474,0.184,763,77,138,1061,1401,145,30,177,26,1029.5,3,19
2025,Purdue,Big Ten,840,267,2008,0.285,767,58,119,809,1132,81,35,229,31,1047.5,3,16,790,346,2141,0.207,746,81,154,740,1289,58,22,161,16,973.5,2,16
2025,Quinnipiac,MAAC,969,503,2753,0.169,905,123,179,1106,1492,107,30,146,13,1195,7,19,797,366,2461,0.175,727,107,138,1024,1462,123,59,302,17,1114,5,19
2025,Radford,Big South,794,392,2308,0.174,713,105,114,893,1394,137,22,244,35,1043,3,19,898,361,2308,0.233,826,137,163,970,1338,105,31,201,22,1166.5,5,19
2025,Rhode Island,Atlantic 10,689,370,2114,0.151,632,91,121,784,1408,153,38,215,33,925.5,5,19,920,357,2209,0.255,873,153,155,897,1211,91,24,228,31,1211,3,19
2025,Rice,American,750,287,2110,0.219,677,78,125,908,1089,89,41,151,14,944.5,1,17,702,278,2027,0.209,641,89,137,899,1141,78,32,172,16,909,5,17
2025,Rider,MAAC,757,344,2083,0.198,697,114,154,795,1252,127,12,220,17,993,NA,17,745,290,2005,0.227,691,127,134,799,1171,114,17,212,11,995,NA,17
2025,Robert Morris,Horizon,809,387,2476,0.17,753,89,123,1115,1383,96,32,209,31,1034.5,1,18,952,380,2619,0.218,888,96,193,1101,1376,89,40,220,33,1198,NA,18
2025,Rutgers,Big Ten,797,311,1828,0.266,750,127,183,701,1105,94,43,178,16,1056,1,18,645,288,1740,0.205,587,94,148,583,1187,127,30,190,18,864,1,18
2025,Sacred Heart,MAAC,879,500,2614,0.145,818,125,159,1034,1498,95,28,170,37,1117,NA,19,901,323,2410,0.24,813,95,168,1008,1377,125,57,362,23,1234,3,19
2025,Saint Francis,NEC,900,383,2153,0.24,829,143,297,764,1360,120,18,168,16,1145,3,18,711,321,1993,0.196,660,124,154,734,1291,152,22,228,8,971,2,18
2025,St. John's (NY),Big East,812,444,2363,0.156,769,123,155,905,1429,140,36,202,28,1072,10,20,864,321,2232,0.243,798,140,195,906,1326,123,38,340,17,1212,2,20
2025,Saint Louis,Atlantic 10,827,392,2353,0.185,774,100,157,984,1351,111,34,202,30,1062,9,18,795,335,2285,0.201,725,111,126,960,1268,100,32,220,18,1048,5,18
2025,Saint Mary's (CA),WCC,793,386,2164,0.188,723,105,202,788,1343,92,32,148,20,1004,5,17,809,296,2063,0.249,726,92,157,820,1185,105,55,219,35,1065.5,5,17
2025,Saint Peter's,MAAC,805,433,2448,0.152,745,113,135,928,1464,108,15,276,14,1071,4,18,925,378,2400,0.228,855,108,158,1014,1373,114,26,261,25,1189.5,8,18
2025,Sam Houston,CUSA,961,437,2765,0.19,899,95,143,1123,1575,102,35,227,24,1204.5,2,19,1041,408,2779,0.228,956,102,178,1157,1557,95,38,292,17,1327,3,19
2025,Samford,SoCon,789,302,2128,0.229,729,100,178,809,1274,92,6,159,39,974.5,NA,17,822,250,2020,0.283,743,92,139,891,1128,100,21,212,18,1041,2,17
2025,San Diego St.,Mountain West,825,393,2275,0.19,752,105,159,908,1228,95,26,244,20,1078,3,17,731,351,2149,0.177,678,95,185,844,1336,105,38,278,31,1003,4,17
2025,San Diego,WCC,897,318,2283,0.254,843,90,163,962,1298,109,35,273,30,1158.5,2,17,869,397,2442,0.193,797,109,177,921,1414,90,44,190,35,1117,1,17
2025,San Francisco,WCC,665,270,1883,0.21,606,76,114,734,1244,132,44,198,23,884,4,16,819,321,2030,0.245,746,132,115,825,1108,76,25,206,30,1079,6,16
2025,San Jose St.,Mountain West,836,384,2348,0.193,765,94,129,927,1349,106,36,214,40,1073,4,17,877,369,2338,0.217,830,106,168,957,1366,94,41,234,32,1141,5,17
2025,Santa Clara,WCC,900,385,2255,0.228,833,104,150,859,1329,86,41,156,20,1123,1,17,838,332,2183,0.232,763,86,140,786,1355,104,32,224,19,1068,1,17
2025,Seton Hall,Big East,849,349,2370,0.211,795,117,184,948,1406,139,20,218,16,1095,2,18,895,348,2372,0.231,841,139,174,1003,1331,117,21,247,27,1178.5,1,18
2025,Siena,MAAC,857,337,2489,0.209,803,136,143,1034,1471,152,20,174,12,1100,3,20,965,368,2574,0.232,898,152,153,1105,1391,136,29,274,25,1283,1,20
2025,South Alabama,Sun Belt,879,353,2333,0.225,809,106,164,923,1348,78,59,218,33,1153,3,17,868,353,2316,0.222,803,78,152,910,1345,106,29,259,23,1104.5,3,17
2025,South Carolina St.,MEAC,503,308,1743,0.112,466,94,124,698,1228,157,45,100,58,692,6,18,734,313,1871,0.225,677,157,135,838,1002,94,35,63,30,957.5,1,18
2025,South Carolina,SEC,767,340,1989,0.215,724,90,159,790,1163,67,17,222,27,985,4,16,745,293,1940,0.233,699,67,164,769,1175,90,26,249,35,962.5,1,16
2025,South Dakota St.,Summit League,686,287,1889,0.211,630,70,89,777,1018,62,38,230,17,909,NA,14,665,334,1924,0.172,624,62,108,761,1115,70,10,221,20,847.5,NA,14
2025,South Fla.,American,894,373,2304,0.226,837,100,197,930,1344,103,35,186,24,1122,6,17,783,306,2156,0.221,719,103,141,818,1275,100,42,232,29,1044,8,17
2025,Southeast Mo. St.,OVC,963,339,2820,0.221,902,128,120,1262,1452,114,45,204,4,1238,2,19,992,424,2861,0.199,933,114,152,1282,1582,128,37,210,34,1248,2,19
2025,Southeastern La.,Southland,826,301,2165,0.242,739,73,93,923,1136,74,34,242,23,1054,6,18,745,361,2184,0.176,684,74,112,866,1290,73,24,199,31,942.5,6,18
2025,Southern California,Big Ten,746,285,1963,0.235,698,79,194,730,1080,51,31,265,23,988.5,2,16,672,332,1898,0.179,619,51,147,776,1122,79,37,190,20,855,2,16
2025,Southern Ill.,MVC,1037,420,2896,0.213,972,123,157,1191,1636,95,43,216,29,1311,6,20,1061,399,2870,0.231,988,95,145,1197,1601,123,47,196,38,1301,7,20
2025,SIUE,OVC,928,405,2562,0.204,840,115,148,1125,1405,111,47,200,6,1190,7,18,844,353,2487,0.197,768,111,137,1026,1417,115,49,206,14,1107,3,18
2025,SMU,ACC,861,270,2025,0.292,803,101,186,784,1152,75,29,283,26,1132.5,2,16,756,349,2064,0.197,707,75,155,751,1290,101,7,202,20,939,NA,16
2025,Southern Miss.,Sun Belt,786,280,2180,0.232,697,115,129,1000,1069,67,30,158,20,1010,NA,17,703,323,2188,0.174,652,67,135,932,1245,115,23,150,16,868,4,17
2025,Southern U.,SWAC,684,379,2161,0.141,598,110,149,859,1197,119,24,128,21,882,10,17,792,329,2177,0.213,715,119,149,926,1066,110,42,161,19,1033.5,6,17
2025,Southern Utah,WAC,644,374,1999,0.135,592,80,147,713,1291,91,37,172,52,847,2,16,779,318,1964,0.235,718,91,139,775,1085,80,51,213,52,1027.5,3,16
2025,Missouri St.,CUSA,782,306,2286,0.208,716,95,133,978,1320,95,36,247,32,1036.5,5,17,907,359,2388,0.229,847,95,152,1033,1286,95,24,209,20,1130.5,4,17
2025,Merrimack,MAAC,560,314,1962,0.125,512,100,110,869,1189,141,37,162,13,778,2,16,724,308,2050,0.203,668,141,131,950,1031,100,34,152,24,975,6,16
2025,Utah Tech,WAC,817,318,2163,0.231,740,73,125,870,1130,65,30,278,11,1059,NA,17,709,380,2146,0.153,668,65,112,852,1280,73,33,164,18,889,1,17
2025,Old Dominion,Sun Belt,714,403,2210,0.141,662,93,117,889,1319,99,24,156,16,909,2,17,837,297,2162,0.25,771,99,143,914,1162,93,38,236,18,1092,2,17
2025,East Texas A&M,Southland,697,313,2290,0.168,644,67,131,998,1344,108,22,164,32,868,5,17,920,340,2456,0.236,846,108,133,1119,1138,67,32,196,31,1158,2,17
2025,Southern Ind.,OVC,787,371,2527,0.165,733,85,136,1183,1352,104,32,232,11,1020,5,18,875,354,2585,0.202,822,104,154,1158,1281,85,36,226,21,1128,5,18
2025,Stonehill,NEC,846,492,2522,0.14,775,128,217,908,1674,174,39,164,21,1095,8,21,971,366,2428,0.249,896,174,208,1000,1391,128,39,280,17,1324,8,21
2025,Queens (NC),ASUN,970,401,2717,0.209,898,106,131,1175,1438,76,27,284,24,1245,2,19,938,401,2714,0.198,863,76,140,1143,1521,106,37,256,27,1179,NA,19
2025,Mercyhurst,NEC,663,294,1954,0.189,631,92,155,758,1303,133,26,190,27,876,6,18,869,302,2091,0.271,792,133,174,836,1122,92,25,162,12,1108,5,18
2025,West Ga.,ASUN,658,386,2087,0.13,618,86,123,800,1351,154,31,155,15,852.5,8,19,830,294,2068,0.259,770,154,151,884,1115,86,26,190,9,1105,2,19
2025,Vanderbilt,SEC,737,326,1918,0.214,692,87,190,723,1160,81,17,139,16,910.5,NA,15,676,247,1791,0.24,624,81,136,718,1044,87,30,219,14,896.5,NA,15
2025,Arizona St.,Big 12,745,274,1853,0.254,705,88,149,745,1001,54,36,241,15,989.5,NA,16,627,330,1863,0.159,586,54,138,682,1153,88,13,206,11,797,1,16
2025,Sacramento St.,Big Sky,778,284,2036,0.243,701,107,149,822,1155,103,34,178,22,1008,4,17,732,306,2041,0.209,667,103,142,825,1215,107,25,176,25,948,3,17
2025,Chicago St.,NEC,403,271,1594,0.083,379,76,74,640,1165,157,32,196,20,609,1,16,779,286,1836,0.269,704,157,131,797,859,76,23,160,5,1039,NA,16
2025,Cleveland St.,Horizon,624,342,2217,0.127,578,76,167,891,1315,94,31,144,27,803,2,18,843,296,2192,0.25,783,94,137,1110,1006,76,26,166,16,1046,1,18
2025,Colgate,Patriot,897,294,2358,0.256,840,108,161,1057,1355,113,39,266,14,1177,4,19,891,393,2522,0.197,811,113,164,1031,1439,108,35,168,12,1123,2,19
2025,Colorado St.,Mountain West,788,301,1986,0.245,724,87,116,754,1152,60,17,282,12,1033,4,16,727,351,1996,0.188,684,60,89,749,1220,87,33,222,25,931,3,16
2025,Creighton,Big East,854,316,2091,0.257,779,129,173,870,1124,58,30,243,25,1134.5,NA,18,703,331,2079,0.179,642,58,148,788,1296,129,18,177,24,867.5,2,18
2025,Delaware St.,MEAC,693,350,1940,0.177,643,99,182,709,1261,127,31,144,27,895,3,19,728,304,1863,0.228,679,127,157,757,1115,99,32,165,46,969.5,3,19
2025,Fairfield,MAAC,884,288,2209,0.27,827,116,124,913,1256,111,22,262,18,1153,NA,17,848,376,2358,0.2,792,111,144,871,1402,116,24,192,27,1079,1,17
2025,Florida A&M,SWAC,715,361,2238,0.158,646,86,130,867,1405,160,39,262,9,971,5,18,850,432,2357,0.177,778,160,141,1009,1298,86,28,195,11,1135.5,8,18
2025,Hawaii,Big West,774,352,2144,0.197,715,105,203,850,1270,100,22,252,38,1027,NA,17,755,315,2098,0.21,690,100,153,826,1164,105,22,222,33,988,1,17
2025,Kentucky,SEC,710,215,1719,0.288,660,61,124,700,858,38,17,201,23,888.5,NA,14,556,274,1659,0.17,530,38,101,629,1013,61,16,175,22,697.5,1,14
2025,LMU (CA),WCC,676,348,2020,0.162,612,86,130,793,1145,78,33,156,23,873,2,15,729,279,1975,0.228,652,78,150,825,1080,86,46,209,18,957.5,1,15
2025,Loyola Chicago,Atlantic 10,980,438,2723,0.199,911,104,132,1144,1547,106,42,266,14,1259,2,19,1010,410,2762,0.217,926,106,154,1097,1536,104,36,303,27,1303.5,2,19
2025,Morehead St.,OVC,748,260,2022,0.241,679,93,164,834,1066,81,40,146,19,954,1,16,648,266,1907,0.2,593,81,114,830,1070,93,32,178,16,850,2,16
2025,New Hampshire,America East,743,293,2122,0.212,665,93,119,818,1248,115,19,248,29,979,1,17,853,346,2223,0.228,780,115,146,892,1240,93,18,184,25,1078,2,17
2025,UT Arlington,WAC,837,416,2463,0.171,775,164,161,1013,1396,111,42,180,28,1133,2,17,794,388,2378,0.171,746,110,135,1013,1409,164,25,264,38,1061,3,17
2025,Western Ky.,CUSA,848,265,1996,0.292,787,86,150,833,1075,62,51,216,23,1093,1,19,695,356,2034,0.167,651,62,136,757,1278,86,34,142,30,862,3,19
2025,Western Mich.,MAC,948,418,2940,0.18,899,97,141,1338,1560,122,37,234,15,1199,6,20,1045,419,3069,0.204,991,122,175,1363,1534,97,36,267,20,1336.5,1,20
2025,Wichita St.,American,910,331,2395,0.242,833,105,103,1002,1232,81,6,262,16,1152,2,18,824,363,2389,0.193,770,81,134,974,1427,105,33,237,23,1056.5,2,18
2025,Yale,Ivy League,645,224,1710,0.246,584,76,109,709,930,49,39,126,16,823,2,13,652,256,1746,0.227,603,49,117,711,1002,76,17,164,16,800,3,13
2025,Col. of Charleston,CAA,893,373,2565,0.203,833,111,109,1133,1403,121,36,205,32,1142.5,NA,18,929,397,2649,0.201,867,121,150,1126,1472,111,39,186,30,1182,2,18
2025,Wofford,SoCon,695,274,2118,0.199,662,94,112,950,1080,75,52,174,25,928,1,17,738,354,2199,0.175,685,75,144,998,1185,94,38,136,19,919,1,17
2025,High Point,Big South,710,322,1906,0.204,661,81,103,774,1125,71,23,213,22,920.5,3,15,714,316,1942,0.205,653,71,113,698,1151,81,17,195,26,899.5,5,15
2025,A&M-Corpus Christi,Southland,850,316,2288,0.233,766,91,117,955,1279,96,31,98,12,1021,6,18,838,277,2242,0.25,744,96,150,872,1294,91,36,167,33,1053.5,4,18
2025,FGCU,ASUN,868,309,2233,0.25,799,90,128,939,1257,89,31,208,15,1093,2,16,852,314,2291,0.235,769,89,137,872,1300,90,38,213,29,1085.5,2,16
2025,UNI,MVC,872,347,2350,0.223,807,75,136,1009,1154,57,16,218,23,1072,NA,18,671,343,2207,0.149,621,57,80,956,1243,75,27,220,21,865,NA,18
2025,Penn St.,Big Ten,821,331,2014,0.243,762,84,166,777,1146,77,20,214,18,1032,NA,16,715,286,1923,0.223,677,77,157,730,1190,84,16,243,19,929.5,NA,16
2025,Pittsburgh,ACC,813,246,1886,0.301,752,90,156,705,1048,84,18,306,22,1074,3,16,693,355,1901,0.178,656,84,159,643,1265,90,16,231,23,908.5,2,16
2025,South Dakota,Summit League,897,322,2396,0.24,837,90,166,1101,1244,89,38,200,30,1125,5,17,775,331,2330,0.191,715,89,141,1003,1316,90,16,194,22,977,2,17
2025,Texas St.,Sun Belt,823,366,2215,0.206,782,95,139,877,1336,93,19,288,14,1081,3,17,905,353,2300,0.24,853,93,182,844,1352,95,23,258,23,1150,NA,17
2025,Lindenwood,OVC,701,327,1914,0.195,657,65,157,804,1159,91,28,120,12,854,NA,15,696,284,1919,0.215,642,91,132,761,1044,65,34,146,20,894,1,15
2025,New Haven,NEC,602,324,1908,0.146,556,71,85,745,1242,139,39,232,12,828,3,16,809,349,2065,0.223,731,139,143,822,1122,71,33,167,15,1064.5,4,16
