game_id,school,conference,home_away,opponent,opponent_conference,points,total_yards,net_passing_yards,completion_attempts,passing_tds,yards_per_pass,passes_intercepted,interception_yards,interception_tds,rushing_attempts,rushing_yards,rush_tds,yards_per_rush_attempt,first_downs,third_down_eff,fourth_down_eff,punt_returns,punt_return_yards,punt_return_tds,kick_return_yards,kick_return_tds,kick_returns,kicking_points,fumbles_recovered,fumbles_lost,total_fumbles,tackles,tackles_for_loss,sacks,qb_hurries,interceptions,passes_deflected,turnovers,defensive_tds,total_penalties_yards,possession_time,points_allowed,total_yards_allowed,net_passing_yards_allowed,completion_attempts_allowed,passing_tds_allowed,yards_per_pass_allowed,passes_intercepted_allowed,interception_yards_allowed,interception_tds_allowed,rushing_attempts_allowed,rushing_yards_allowed,rush_tds_allowed,yards_per_rush_attempt_allowed,first_downs_allowed,third_down_eff_allowed,fourth_down_eff_allowed,punt_returns_allowed,punt_return_yards_allowed,punt_return_tds_allowed,kick_return_yards_allowed,kick_return_tds_allowed,kick_returns_allowed,kicking_points_allowed,fumbles_recovered_allowed,fumbles_lost_allowed,total_fumbles_allowed,tackles_allowed,tackles_for_loss_allowed,sacks_allowed,qb_hurries_allowed,interceptions_allowed,passes_deflected_allowed,turnovers_allowed,defensive_tds_allowed,total_penalties_yards_allowed,possession_time_allowed,season
401628454,Nebraska,Big Ten,home,UTEP,Conference USA,40,507,284,25-36,2,7.9,2,18,0,47,223,3,4.7,30,11-17,0-2,3,25,0,75,0,3,8,0,1,1,31,9,1,0,0,2,1,0,3-35,38:32,7,205,149,16-26,1,5.7,NA,NA,NA,24,56,0,2.3,12,3-10,0-0,1,29,0,48,0,3,1,1,0,0,52,3,1,2,2,2,2,0,9-76,21:28,2024
401628467,Nebraska,Big Ten,home,Colorado,Big 12,28,334,185,23-30,1,6.2,1,7,1,35,149,2,4.3,22,3-12,0-0,2,16,0,35,0,2,4,1,0,0,37,10,6,10,0,4,0,1,12-105,35:21,10,260,244,23-40,1,6.1,NA,NA,NA,22,16,0,0.7,15,4-14,1-3,3,14,0,99,0,4,4,0,1,2,45,7,0,4,1,2,2,0,9-104,24:39,2024
401628485,Nebraska,Big Ten,home,Illinois,Big Ten,24,347,297,24-35,3,8.5,NA,NA,NA,32,50,0,1.6,20,8-15,0-1,NA,NA,NA,26,0,1,6,2,0,3,38,2,2,2,1,1,1,0,9-89,30:21,31,383,215,21-27,4,8.0,1,0,0,38,168,0,4.4,25,7-13,2-3,3,60,0,59,0,3,7,0,2,2,34,7,5,1,0,4,2,0,3-20,29:39,2024
401628530,Nebraska,Big Ten,away,Ohio State,Big Ten,17,273,152,21-33,0,4.6,1,34,0,33,121,1,3.7,18,5-16,0-1,1,3,0,0,0,1,9,0,0,2,27,7,2,0,1,1,1,0,7-62,35:07,21,285,221,13-16,3,13.8,1,0,0,31,64,0,2.1,11,1-10,1-2,1,8,0,33,0,2,3,0,0,1,39,13,3,0,1,1,1,0,3-36,24:53,2024
401628482,Nebraska,Big Ten,home,Northern Iowa,MVFC,34,423,281,20-26,2,10.8,1,15,0,22,142,2,6.5,22,4-7,0-1,1,2,0,NA,NA,NA,10,0,0,NA,24,3,1,6,1,5,1,0,4-44,21:53,3,307,162,16-32,0,5.1,1,0,0,37,145,0,3.9,18,6-16,2-4,NA,NA,NA,36,0,3,3,0,0,1,29,2,0,1,1,2,1,0,9-95,38:07,2024
401628560,Nebraska,Big Ten,home,Wisconsin,Big Ten,44,478,293,28-38,1,7.7,1,7,0,34,185,4,5.4,29,4-9,0-1,1,9,0,45,0,1,14,1,1,1,21,3,0,3,0,3,1,0,4-48,33:07,25,409,292,20-30,3,9.7,NA,NA,NA,24,117,0,4.9,15,3-10,1-2,1,9,0,129,0,5,5,1,1,1,42,0,0,1,1,2,2,0,7-56,26:53,2024
401628519,Nebraska,Big Ten,away,Indiana,Big Ten,7,304,234,28-46,0,5.1,1,26,0,29,70,1,2.4,20,7-16,0-5,1,5,0,92,0,7,1,0,2,3,36,4,1,0,3,3,5,0,6-47,32:08,56,495,280,24-30,3,9.3,3,84,0,33,215,5,6.5,24,5-9,1-2,2,20,0,NA,NA,NA,8,2,0,0,45,7,2,2,1,2,1,0,4-46,27:52,2024
401628499,Nebraska,Big Ten,away,Purdue,Big Ten,28,405,244,16-26,1,9.4,1,29,1,32,161,2,5.0,25,1-8,1-1,3,9,0,8,0,1,4,0,0,NA,36,9,5,0,0,3,0,1,11-94,30:18,10,226,174,18-25,1,7.0,NA,NA,NA,30,52,0,1.7,12,7-15,0-0,NA,NA,NA,27,0,1,4,0,0,NA,33,2,1,3,1,3,1,0,13-165,29:42,2024
401628549,Nebraska,Big Ten,away,USC,Big Ten,20,310,191,27-38,1,5.0,1,45,1,25,119,0,4.8,19,5-13,1-1,2,4,0,23,0,1,8,1,0,0,41,5,1,3,2,2,2,1,5-40,28:10,28,444,259,25-35,3,7.4,2,0,0,31,185,1,6.0,22,6-13,1-1,1,9,0,32,0,1,4,0,1,1,44,5,2,1,1,4,2,0,5-70,31:50,2024
401628537,Nebraska,Big Ten,home,UCLA,Big Ten,20,322,209,16-34,1,6.1,NA,NA,NA,38,113,2,3.0,21,9-17,1-3,NA,NA,NA,18,0,1,2,0,0,NA,32,4,2,2,2,2,2,0,2-15,30:46,27,360,219,17-25,2,8.8,2,38,1,29,141,0,4.9,17,6-13,0-0,1,16,0,17,0,1,9,0,0,NA,34,7,4,7,0,7,0,1,9-62,29:14,2024
401628508,Nebraska,Big Ten,home,Rutgers,Big Ten,14,261,164,14-28,0,5.9,2,4,0,42,97,2,2.3,15,7-19,3-3,NA,NA,NA,29,0,2,2,0,0,NA,33,9,4,7,1,9,1,0,7-37,31:35,7,264,186,15-37,1,5.0,1,23,0,32,78,0,2.4,18,2-14,2-6,3,38,0,NA,NA,NA,1,0,0,NA,44,7,4,3,2,5,2,0,4-28,28:25,2024
401628562,Nebraska,Big Ten,away,Iowa,Big Ten,10,334,190,22-33,0,5.8,NA,NA,NA,43,144,1,3.3,20,8-17,0-0,1,0,0,36,0,2,4,0,2,5,27,9,1,1,0,2,2,0,4-20,39:01,13,164,115,8-15,1,7.7,NA,NA,NA,26,49,0,1.9,5,0-10,0-0,1,25,0,56,0,2,7,2,0,1,51,8,4,5,0,2,0,0,1-15,20:59,2024
401752872,Nebraska,Big Ten,away,Minnesota,Big Ten,6,213,177,17-25,0,7.1,NA,NA,NA,29,36,0,1.2,13,3-11,0-1,2,22,0,12,0,1,6,NA,0,NA,32,3,1,1,0,2,0,0,6-65,28:01,24,339,153,16-20,1,7.7,NA,NA,NA,35,186,2,5.3,18,5-12,0-0,1,2,0,17,0,1,6,0,0,1,35,10,9,5,0,1,0,0,3-30,31:59,2025
401752796,Nebraska,Big Ten,away,Cincinnati,Big 12,20,356,243,33-42,2,5.8,1,0,0,35,113,0,3.2,23,10-18,1-2,2,3,0,33,0,2,8,1,0,2,20,2,0,1,0,5,0,0,3-27,39:30,17,271,69,13-25,0,2.8,NA,NA,NA,29,202,2,7.0,16,3-10,2-2,NA,NA,NA,20,0,1,5,0,1,1,24,6,3,3,1,2,2,0,4-20,20:30,2025
401752846,Nebraska,Big Ten,home,Michigan,Big Ten,27,351,308,30-41,3,7.5,NA,NA,NA,31,43,0,1.4,23,2-13,2-3,3,21,0,23,0,1,9,1,0,0,26,5,1,1,1,3,1,0,3-9,33:17,30,395,105,12-23,0,4.6,1,0,0,31,290,3,9.4,16,4-12,0-0,1,-1,0,1,0,1,12,0,1,1,40,9,7,2,0,3,1,0,4-39,26:43,2025
401752867,Nebraska,Big Ten,away,Maryland,Big Ten,34,454,260,20-29,4,9.0,NA,NA,NA,29,194,0,6.7,23,3-7,0-1,2,3,0,162,0,4,10,NA,0,NA,46,4,1,0,3,1,3,0,6-49,28:33,31,379,249,27-37,1,6.7,3,73,1,30,130,2,4.3,18,7-15,0-2,NA,NA,NA,35,0,2,7,NA,0,NA,47,3,1,0,0,2,0,1,8-100,31:27,2025
401752828,Nebraska,Big Ten,home,Houston Christian,Southland,59,554,362,23-29,3,12.5,NA,NA,NA,38,192,4,5.1,30,5-9,1-2,1,38,0,28,0,1,11,2,0,1,34,8,3,2,0,1,0,1,4-45,30:17,7,160,67,11-18,0,3.7,NA,NA,NA,35,93,1,2.7,11,4-14,2-2,NA,NA,NA,40,0,4,1,0,2,4,40,0,0,0,0,2,2,0,9-70,29:43,2025
401752810,Nebraska,Big Ten,home,Akron,Mid-American,68,728,494,32-40,4,12.4,NA,NA,NA,33,234,5,7.1,31,8-10,0-1,5,92,0,42,0,2,12,1,1,1,33,9,2,5,0,4,1,0,6-71,30:10,0,175,62,9-23,0,2.7,NA,NA,NA,36,113,0,3.1,13,1-14,1-2,NA,NA,NA,125,0,7,0,1,1,2,44,3,0,0,0,2,1,0,1-5,29:50,2025
401752892,Nebraska,Big Ten,home,USC,Big Ten,17,286,98,15-22,1,4.5,1,0,0,40,188,1,4.7,20,5-12,0-1,2,8,0,48,0,2,5,0,1,4,23,4,3,3,0,5,1,0,4-45,32:58,21,337,135,9-23,0,5.9,NA,NA,NA,38,202,2,5.3,20,6-14,0-1,NA,NA,NA,11,0,1,7,1,0,0,39,5,1,0,1,2,1,0,8-49,27:02,2025
401752895,Nebraska,Big Ten,away,UCLA,Big Ten,28,361,205,13-15,3,13.7,NA,NA,NA,39,156,1,4.0,20,5-8,0-0,1,17,0,24,0,1,4,NA,0,NA,38,6,3,2,0,2,0,0,2-25,30:00,21,348,191,17-27,2,7.1,NA,NA,NA,37,157,1,4.2,21,8-14,2-3,NA,NA,NA,64,0,3,3,NA,0,NA,31,2,0,0,0,0,0,0,4-20,30:00,2025
401752883,Nebraska,Big Ten,home,Northwestern,Big Ten,28,296,141,16-22,1,6.4,2,14,0,39,155,2,4.0,18,6-12,2-3,NA,NA,NA,142,1,3,4,0,1,1,30,0,0,3,1,2,2,1,4-39,30:16,21,331,159,15-29,0,5.5,1,5,0,30,172,2,5.7,18,7-14,1-2,1,0,0,40,0,2,7,1,0,1,40,4,1,2,2,1,2,0,3-29,29:44,2025
401752916,Nebraska,Big Ten,home,Iowa,Big Ten,16,300,69,9-24,0,2.9,NA,NA,NA,36,231,1,6.4,14,5-15,2-3,2,28,0,75,0,5,10,1,1,3,39,2,0,4,0,1,1,0,5-53,26:40,40,379,166,9-16,1,10.4,NA,NA,NA,46,213,4,4.6,18,7-12,1-1,NA,NA,NA,71,0,2,8,1,1,1,34,1,0,2,0,4,1,0,4-45,33:20,2025
401752860,Nebraska,Big Ten,home,Michigan State,Big Ten,38,282,194,16-24,1,8.1,2,7,0,27,88,3,3.3,15,5-13,0-2,5,109,1,NA,NA,NA,8,1,0,0,33,12,4,3,1,0,1,1,6-44,26:36,27,242,156,15-30,1,5.2,1,0,0,37,86,3,2.3,17,2-14,4-5,NA,NA,NA,2,0,1,3,0,1,1,37,7,5,3,2,3,3,0,5-45,33:24,2025
401752908,Nebraska,Big Ten,away,Penn State,Big Ten,10,318,187,21-37,0,5.1,NA,NA,NA,32,131,1,4.1,17,9-18,1-6,NA,NA,NA,121,0,5,4,0,0,1,33,5,1,0,0,0,0,0,6-58,29:38,37,412,181,11-12,1,15.1,NA,NA,NA,39,231,4,5.9,20,5-9,1-1,1,21,0,NA,NA,NA,7,NA,0,NA,41,6,3,4,0,2,0,0,5-65,30:22,2025
401858430,Nebraska,Big Ten,home,Ohio,Mid-American,49,523,275,18-32,3,8.6,1,35,0,42,248,4,5.9,28,9-14,1-2,1,9,0,8,0,1,7,0,0,1,28,4,2,5,0,8,0,0,9-65,30:39,21,303,164,14-32,1,5.1,NA,NA,NA,33,139,1,4.2,17,6-15,1-1,NA,NA,NA,23,0,1,7,0,0,1,38,5,2,2,1,5,1,0,2-30,29:21,2026
401858441,Nebraska,Big Ten,home,Bowling Green,Mid-American,56,546,282,26-32,5,8.8,1,6,0,34,264,2,7.8,28,5-8,2-2,6,26,0,54,0,2,8,1,0,0,27,6,2,5,1,2,1,1,7-65,31:41,7,169,84,10-16,1,5.3,1,0,0,32,85,0,2.7,9,2-12,1-1,NA,NA,NA,26,0,2,1,0,1,2,37,3,1,0,1,0,2,0,8-49,28:19,2026
401858452,Nebraska,Big Ten,home,North Dakota,MVFC,34,493,216,18-26,1,8.3,NA,NA,NA,45,277,3,6.2,22,7-15,2-2,3,25,0,NA,NA,NA,10,NA,0,NA,29,6,5,7,0,1,0,0,4-45,35:45,7,205,106,9-19,1,5.6,NA,NA,NA,36,99,0,2.8,10,1-12,3-5,NA,NA,NA,16,0,1,1,NA,0,NA,42,6,0,2,0,2,0,0,1-5,24:15,2026
