year,week,game_play_number,pos_team,def_pos_team,simple_play_type,yards_gained,EPA
2026,4,58,Nebraska,Michigan State,Pass,0,-1.549566401168704
2026,4,65,Nebraska,Michigan State,Rush,5,-1.751407721079886
2026,4,74,Nebraska,Michigan State,Pass,0,-2.9414167748764157
2026,4,4,Nebraska,Michigan State,Rush,2,-0.2050260384567082
2026,4,6,Nebraska,Michigan State,Rush,-3,-1.4997716378420591
2026,4,7,Nebraska,Michigan State,Rush,5,-0.5408506384119391
2026,4,8,Nebraska,Michigan State,Pass,17,1.1887412283103913
2026,4,9,Nebraska,Michigan State,Pass,0,-0.6104734663385898
2026,4,10,Nebraska,Michigan State,Pass,44,4.563984519802034
2026,4,17,Nebraska,Michigan State,Rush,0,-0.6504599000327289
2026,4,18,Nebraska,Michigan State,Pass,0,-0
2026,4,19,Nebraska,Michigan State,Rush,17,2.0974604999646544
2026,4,21,Nebraska,Michigan State,Rush,19,1.28785653563682
2026,4,22,Nebraska,Michigan State,Rush,4,-0.22840779565740377
2026,4,23,Nebraska,Michigan State,Pass,25,2.7361098452529404
2026,4,24,Nebraska,Michigan State,Pass,0,-0.38923318960587494
2026,4,25,Nebraska,Michigan State,Rush,4,1.539277920674067
2026,4,31,Nebraska,Michigan State,Rush,3,-0.30444006726611406
2026,4,32,Nebraska,Michigan State,Pass,0,-0.808669138874393
2026,4,33,Nebraska,Michigan State,Pass,0,-1.3193974929163232
2026,4,50,Nebraska,Michigan State,Pass,10,0.5710522024892271
2026,4,51,Nebraska,Michigan State,Rush,7,0.3711714537348598
2026,4,52,Nebraska,Michigan State,Pass,2,-0.49397318391129375
2026,4,53,Nebraska,Michigan State,Rush,4,1.0580084978137165
2026,4,54,Nebraska,Michigan State,Rush,1,-0.46698231948539615
2026,4,55,Nebraska,Michigan State,Pass,15,1.7277255405206233
2026,4,56,Nebraska,Michigan State,Rush,-1,-1.4459521339740604
2026,4,57,Nebraska,Michigan State,Rush,3,-0.167094987584278
2026,4,59,Nebraska,Michigan State,Pass,15,1.8679050496430136
2026,4,60,Nebraska,Michigan State,Rush,3,-0.08566507935756817
2026,4,61,Nebraska,Michigan State,Rush,6,0.10846506897360086
2026,4,62,Nebraska,Michigan State,Rush,3,0.4430699025397189
2026,4,63,Nebraska,Michigan State,Pass,13,4.398903543915367
2026,4,67,Nebraska,Michigan State,Rush,-6,-1.4098181719891727
2026,4,68,Nebraska,Michigan State,Pass,0,-0.9819821445271373
2026,4,69,Nebraska,Michigan State,Pass,0,-0.8990642395801842
2026,4,83,Nebraska,Michigan State,Rush,1,-0.5267627518624067
2026,4,84,Nebraska,Michigan State,Rush,0,-0.9505508835427463
2026,4,85,Nebraska,Michigan State,Pass,0,-1.4580812864005566
2026,4,89,Nebraska,Michigan State,Pass,0,-1.9064480405068025
2026,4,92,Nebraska,Michigan State,Pass,1,-0.7390396812697873
2026,4,93,Nebraska,Michigan State,Rush,0,-2.8955452132504433
2026,4,105,Nebraska,Michigan State,Pass,9,1.5628280711825937
2026,4,106,Nebraska,Michigan State,Rush,3,-0.049423076678067446
2026,4,107,Nebraska,Michigan State,Pass,9,0.4987942825537175
2026,4,108,Nebraska,Michigan State,Rush,11,-0.5714161526411772
2026,4,109,Nebraska,Michigan State,Rush,7,0.9037577243871056
2026,4,110,Nebraska,Michigan State,Rush,4,0.15135113848373294
2026,4,111,Nebraska,Michigan State,Rush,7,0.500216024403926
2026,4,112,Nebraska,Michigan State,Pass,5,0.16311189398402348
2026,4,113,Nebraska,Michigan State,Rush,4,-0.11205109901493415
2026,4,114,Nebraska,Michigan State,Rush,6,1.2566343192011118
2026,4,115,Nebraska,Michigan State,Rush,0,-0.1587712592445314
2026,4,116,Nebraska,Michigan State,Rush,1,0.666952833533287
2026,4,129,Nebraska,Michigan State,Rush,0,-1.794780390104279
2026,4,130,Nebraska,Michigan State,Rush,2,-0.7329053883440793
2026,4,131,Nebraska,Michigan State,Rush,9,1.855421701213345
2026,4,132,Nebraska,Michigan State,Rush,2,-0.8124220843892545
2026,4,133,Nebraska,Michigan State,Rush,2,-1.1631133002229035
2026,4,134,Nebraska,Michigan State,Pass,38,3.109544061124325
2026,4,135,Nebraska,Michigan State,Pass,12,0.8533477471792139
2026,4,136,Nebraska,Michigan State,Rush,3,-0.22673055832274258
2026,4,137,Nebraska,Michigan State,Rush,0,-1.4272393484134227
2026,4,138,Nebraska,Michigan State,Rush,3,-0.6565930007491261
2026,4,139,Nebraska,Michigan State,Pass,0,-2.291621079959441
