Rank,School,Games,OverallWins,OverallLosses,WinPct,OverallSRS,OverallSOS,HomeWins,HomeLosses,AwayWins,AwayLosses,ForPoints,OppPoints,Minutes,FieldGoalsMade,FieldGoalsAttempted,FieldGoalPCT,ThreePointMade,ThreePointAttempts,ThreePointPct,FreeThrowsMade,FreeThrowsAttempted,FreeThrowPCT,OffensiveRebounds,TotalRebounds,Assists,Steals,Blocks,Turnovers,PersonalFouls,Season
1,Abilene Christian,27,12,15,0.444,-4.43,-0.85,7,5,3,9,1969,2011,1095,682,1601,0.426,141,423,0.333,464,636,0.73,267,903,338,213,53,339,547,2023-2024
2,Air Force,26,9,17,0.346,-3.8,0.16,4,10,5,6,1751,1854,1050,620,1360,0.456,232,632,0.367,279,413,0.676,201,752,387,178,108,315,450,2023-2024
3,Akron,27,20,7,0.741,5.09,-1.63,12,0,7,4,2024,1755,1085,712,1556,0.458,227,673,0.337,373,512,0.729,288,998,361,162,73,302,436,2023-2024
4,Alabama,27,19,8,0.704,23.39,11.17,13,1,4,4,2460,2130,1085,834,1727,0.483,310,817,0.379,482,610,0.79,344,1068,434,203,116,331,517,2023-2024
5,Alabama A&M,27,8,19,0.296,-15.44,-6.73,5,4,3,13,1872,2107,1085,623,1494,0.417,115,396,0.29,511,715,0.715,307,961,282,205,103,442,580,2023-2024
6,Alabama State,27,12,15,0.444,-10.81,-5.85,6,4,3,11,1864,1868,1088,663,1762,0.376,178,646,0.276,360,505,0.713,379,1074,283,238,100,309,523,2023-2024
7,Albany (NY),28,12,16,0.429,-7.35,-5.24,7,4,5,11,2204,2222,1120,799,1796,0.445,217,657,0.33,389,541,0.719,319,1008,364,235,84,380,544,2023-2024
8,Alcorn State,27,10,17,0.37,-11.15,-3.46,5,3,5,14,1904,2096,1085,682,1564,0.436,136,403,0.337,404,577,0.7,302,912,304,197,49,309,471,2023-2024
9,American,29,15,14,0.517,-8.07,-8.14,8,5,7,9,2005,1974,1171,714,1587,0.45,257,722,0.356,318,445,0.715,260,951,406,171,49,318,479,2023-2024
10,Appalachian State,29,24,5,0.828,6.17,-2.27,13,0,8,4,2270,1928,1185,847,1796,0.472,196,591,0.332,380,573,0.663,327,1216,430,190,201,314,378,2023-2024
11,Arizona,27,21,6,0.778,26.83,9.9,14,1,5,3,2432,1975,1105,874,1786,0.489,209,567,0.369,475,653,0.727,369,1173,511,233,98,318,443,2023-2024
12,Arizona State,28,14,14,0.5,6.32,9.46,10,4,3,6,1965,2053,1125,706,1675,0.421,196,633,0.31,357,543,0.657,231,942,344,231,102,295,463,2023-2024
13,Arkansas,27,14,13,0.519,6.3,8.26,11,5,2,5,2044,2097,1090,685,1542,0.444,161,504,0.319,513,704,0.729,240,944,309,157,168,315,535,2023-2024
14,Arkansas State,29,15,14,0.517,0.65,-1.31,10,3,4,10,2322,2265,1165,801,1792,0.447,288,803,0.359,432,612,0.706,367,1096,434,158,134,341,533,2023-2024
15,Arkansas-Pine Bluff,27,12,15,0.444,-15.08,-6.25,7,5,5,10,2156,2197,1080,706,1583,0.446,282,767,0.368,462,608,0.76,229,947,401,163,61,369,508,2023-2024
16,Army,29,10,19,0.345,-13.31,-8.39,6,9,4,10,1743,1833,1175,639,1590,0.402,227,711,0.319,238,406,0.586,285,1004,357,170,116,363,462,2023-2024
17,Auburn,27,21,6,0.778,22.42,7.05,13,1,4,4,2233,1818,1080,771,1644,0.469,215,631,0.341,476,630,0.756,317,1042,476,201,160,280,503,2023-2024
18,Austin Peay,29,15,14,0.517,-5.36,-3.67,10,2,4,11,2106,2051,1175,765,1732,0.442,240,654,0.367,336,498,0.675,313,980,321,216,83,262,495,2023-2024
19,Ball State,27,13,14,0.481,-6.63,-5.63,8,6,5,7,1979,1902,1090,670,1496,0.448,204,553,0.369,435,571,0.762,252,941,339,147,78,325,411,2023-2024
20,Baylor,27,19,8,0.704,20.42,10.04,13,2,3,4,2223,1927,1110,767,1563,0.491,239,603,0.396,450,615,0.732,310,945,414,184,91,323,453,2023-2024
21,Bellarmine,29,8,21,0.276,-11.1,-1.79,6,7,2,14,1992,2140,1165,734,1701,0.432,224,652,0.344,300,385,0.779,225,937,399,155,56,279,451,2023-2024
22,Belmont,29,17,12,0.586,1.88,2.45,11,2,5,9,2256,2238,1165,806,1699,0.474,260,703,0.37,384,525,0.731,215,978,433,217,87,360,452,2023-2024
23,Bethune-Cookman,27,13,14,0.481,-12.54,-8.46,10,2,3,10,1984,1978,1085,690,1585,0.435,159,510,0.312,445,595,0.748,288,902,349,296,90,390,559,2023-2024
24,Binghamton,26,12,14,0.462,-9.47,-4.6,8,4,4,10,1864,1871,1045,696,1521,0.458,131,454,0.289,341,506,0.674,280,1001,374,128,97,306,430,2023-2024
25,Boise State,27,19,8,0.704,13.81,7.05,12,2,5,3,2047,1805,1085,713,1547,0.461,215,619,0.347,406,558,0.728,301,994,340,157,61,307,437,2023-2024
26,Boston College,27,15,12,0.556,8.82,6.37,10,4,4,6,2051,1985,1085,751,1611,0.466,221,599,0.369,328,438,0.749,243,926,392,169,102,292,435,2023-2024
27,Boston University,29,13,16,0.448,-9.98,-7.76,7,6,6,10,1886,1907,1165,667,1631,0.409,216,670,0.322,336,480,0.7,279,1023,369,197,82,335,500,2023-2024
28,Bowling Green State,27,17,10,0.63,-4.6,-5.44,11,3,4,6,2031,1941,1105,714,1637,0.436,179,601,0.298,424,609,0.696,299,1033,309,179,79,309,429,2023-2024
29,Bradley,29,20,9,0.69,9.26,2.33,12,3,6,5,2168,1952,1175,787,1668,0.472,265,718,0.369,329,458,0.718,278,1009,394,215,115,351,478,2023-2024
30,Brigham Young,27,19,8,0.704,20.52,7,14,2,2,6,2236,1871,1080,813,1744,0.466,307,876,0.35,303,413,0.734,339,1080,517,169,75,287,472,2023-2024
31,Brown,26,9,17,0.346,-5.31,-1.63,3,7,5,8,1817,1868,1051,640,1521,0.421,205,624,0.329,332,514,0.646,312,971,331,160,112,318,440,2023-2024
32,Bryant,28,17,11,0.607,-3.08,-2.89,8,3,8,8,2193,2103,1130,799,1771,0.451,233,695,0.335,362,536,0.675,215,1050,405,197,175,325,479,2023-2024
33,Bucknell,29,11,18,0.379,-9.47,-5.47,5,8,6,10,1880,1996,1175,661,1550,0.426,235,687,0.342,323,452,0.715,237,931,351,174,104,368,497,2023-2024
34,Buffalo,27,4,23,0.148,-14.94,-2.29,2,10,2,11,1831,2154,1085,671,1609,0.417,177,665,0.266,312,440,0.709,294,952,350,160,119,384,421,2023-2024
35,Butler,28,16,12,0.571,12.89,9.6,11,4,3,7,2187,2072,1150,786,1732,0.454,234,653,0.358,381,483,0.789,270,996,417,177,88,299,387,2023-2024
36,Cal Poly,28,4,24,0.143,-13.72,-2.13,3,10,0,13,1751,2046,1135,620,1560,0.397,169,524,0.323,342,492,0.695,257,895,270,161,104,371,536,2023-2024
37,Cal State Bakersfield,28,11,17,0.393,-5.3,-1.49,9,4,1,12,1926,1944,1135,703,1641,0.428,126,418,0.301,394,546,0.722,347,974,295,198,100,339,575,2023-2024
38,Cal State Fullerton,28,12,16,0.429,-5.13,-0.74,6,6,5,9,1872,1906,1125,632,1491,0.424,178,540,0.33,430,602,0.714,246,924,248,193,83,356,493,2023-2024
39,Cal State Northridge,29,18,11,0.621,-3.99,-4.73,9,5,9,6,2193,2104,1160,802,1749,0.459,142,458,0.31,447,660,0.677,349,1173,404,226,93,417,585,2023-2024
40,California,28,13,15,0.464,7.11,8.04,10,6,3,5,2096,2122,1145,734,1719,0.427,247,716,0.345,381,522,0.73,303,1055,340,159,75,318,479,2023-2024
41,California Baptist,27,14,13,0.519,-2.21,-2.69,10,5,4,8,1839,1800,1080,632,1526,0.414,182,556,0.327,393,585,0.672,321,1004,288,108,68,311,429,2023-2024
42,Campbell,28,12,16,0.429,-9.76,-5.56,9,6,3,10,1963,1959,1125,699,1515,0.461,192,573,0.335,373,518,0.72,222,913,368,182,72,336,431,2023-2024
43,Canisius,26,11,15,0.423,-7.24,-4.08,7,3,2,11,1866,1905,1045,681,1539,0.442,195,555,0.351,309,484,0.638,310,965,324,156,84,358,440,2023-2024
44,Central Arkansas,31,9,22,0.29,-15.35,-5.07,5,9,4,13,2231,2420,1245,792,1913,0.414,249,732,0.34,398,537,0.741,349,1127,426,224,98,394,529,2023-2024
45,Central Connecticut State,27,17,10,0.63,-7.58,-8.9,8,3,9,7,1953,1802,1090,709,1580,0.449,178,563,0.316,357,498,0.717,266,982,395,210,132,315,372,2023-2024
46,Central Michigan,27,16,11,0.593,-7.3,-2.54,9,2,6,8,1793,1893,1105,666,1563,0.426,164,543,0.302,297,446,0.666,267,966,303,171,99,334,446,2023-2024
47,Charleston Southern,27,9,18,0.333,-12.02,-0.73,6,7,3,11,1850,2021,1080,648,1549,0.418,184,551,0.334,370,492,0.752,268,947,271,107,80,332,458,2023-2024
48,Charlotte,27,17,10,0.63,5.37,3.29,12,1,4,7,1865,1764,1090,660,1438,0.459,174,539,0.323,371,496,0.748,221,872,363,148,96,260,415,2023-2024
49,Chattanooga,29,19,10,0.655,0.21,-3.71,11,3,8,7,2275,2063,1170,797,1695,0.47,313,863,0.363,368,494,0.745,269,1062,404,191,105,353,465,2023-2024
50,Chicago State,30,12,18,0.4,-9.52,-2.78,6,5,5,12,2073,2106,1205,716,1697,0.422,188,595,0.316,453,640,0.708,366,1010,334,261,98,405,525,2023-2024
51,Cincinnati,27,16,11,0.593,14.64,7.64,12,5,4,5,2023,1834,1090,744,1682,0.442,192,587,0.327,343,503,0.682,378,1091,398,170,120,331,395,2023-2024
52,Clemson,27,19,8,0.704,16.4,8.77,10,4,6,4,2125,1919,1090,755,1603,0.471,231,640,0.361,384,491,0.782,261,1009,411,123,116,279,427,2023-2024
53,Cleveland State,29,17,12,0.586,-2.93,-3.71,12,2,5,10,2218,2135,1170,818,1826,0.448,197,570,0.346,385,575,0.67,382,1027,384,243,119,300,543,2023-2024
54,Coastal Carolina,27,8,19,0.296,-10.37,-2.81,7,10,1,9,2003,2126,1090,735,1653,0.445,179,558,0.321,354,543,0.652,318,1100,352,159,86,362,435,2023-2024
55,Colgate,29,20,9,0.69,0.14,-4.93,10,3,8,5,2068,1848,1160,765,1653,0.463,240,649,0.37,298,431,0.691,240,1039,452,183,100,315,399,2023-2024
56,College of Charleston,29,22,7,0.759,3.24,-2.73,11,2,10,2,2327,2123,1160,823,1876,0.439,301,891,0.338,380,532,0.714,379,1160,426,169,92,290,463,2023-2024
57,Colorado,27,18,9,0.667,15.93,7.67,14,1,2,7,2177,1954,1095,770,1552,0.496,184,467,0.394,453,574,0.789,272,1010,433,166,63,355,413,2023-2024
58,Colorado State,28,20,8,0.714,14.71,7.9,14,1,3,7,2152,1898,1130,779,1586,0.491,217,621,0.349,377,494,0.763,207,913,527,194,87,290,465,2023-2024
59,Columbia,24,13,11,0.542,-3.99,-4.32,9,5,4,6,1860,1690,960,668,1421,0.47,208,548,0.38,316,425,0.744,235,869,421,190,58,290,399,2023-2024
60,Connecticut,28,25,3,0.893,23.32,6.14,15,0,6,3,2276,1795,1120,808,1634,0.494,244,677,0.36,416,560,0.743,331,1076,497,179,149,282,465,2023-2024
61,Coppin State,24,2,22,0.083,-20.34,-5.55,2,6,0,15,1382,1737,970,483,1301,0.371,122,449,0.272,294,407,0.722,234,735,199,184,71,381,428,2023-2024
62,Cornell,25,20,5,0.8,3.62,-2.29,10,1,8,4,2061,1848,1000,745,1514,0.492,253,724,0.349,318,442,0.719,244,891,443,215,64,320,458,2023-2024
63,Creighton,28,20,8,0.714,19.88,8.67,12,2,7,5,2261,1947,1145,822,1686,0.488,294,812,0.362,323,417,0.775,239,1071,480,103,112,295,317,2023-2024
64,Dartmouth,24,5,19,0.208,-13.81,-1.17,5,7,0,12,1471,1702,960,522,1294,0.403,171,566,0.302,256,369,0.694,183,810,289,102,90,303,345,2023-2024
65,Davidson,27,15,12,0.556,5.49,3.01,9,5,4,6,1916,1796,1095,664,1531,0.434,209,651,0.321,379,519,0.73,257,953,337,173,78,278,426,2023-2024
66,Dayton,26,21,5,0.808,14.35,5.16,13,0,5,4,1917,1678,1040,651,1376,0.473,239,610,0.392,376,517,0.727,219,876,382,138,104,248,347,2023-2024
67,Delaware,28,17,11,0.607,-0.61,-4.16,7,4,8,5,2089,1960,1125,768,1639,0.469,201,584,0.344,352,498,0.707,262,996,396,157,84,295,426,2023-2024
68,Delaware State,25,12,13,0.48,-10.16,-7.03,6,5,4,7,1773,1765,1025,638,1469,0.434,110,357,0.308,387,553,0.7,280,882,313,205,51,374,416,2023-2024
69,Denver,29,15,14,0.517,-5.68,-4.36,10,3,4,10,2433,2371,1185,829,1805,0.459,250,695,0.36,525,705,0.745,309,1050,390,185,117,295,480,2023-2024
70,DePaul,27,3,24,0.111,-6.18,10.16,3,13,0,9,1754,2195,1080,609,1446,0.421,163,493,0.331,373,512,0.729,200,802,331,142,84,367,427,2023-2024
71,Detroit Mercy,29,1,28,0.034,-17.5,-2.53,1,11,0,17,1907,2341,1170,688,1640,0.42,164,597,0.275,367,503,0.73,262,855,299,198,72,388,500,2023-2024
72,Drake,29,23,6,0.793,10.99,1.03,15,0,5,5,2320,2021,1180,832,1709,0.487,249,687,0.362,407,545,0.747,230,996,460,187,45,284,474,2023-2024
73,Drexel,28,17,11,0.607,1.38,-3.18,11,1,5,10,2025,1834,1125,745,1643,0.453,184,544,0.338,351,483,0.727,327,1106,351,140,116,308,429,2023-2024
74,Duke,27,21,6,0.778,20.11,7.45,13,2,6,4,2171,1829,1080,765,1585,0.483,227,594,0.382,414,567,0.73,273,981,416,173,100,266,426,2023-2024
75,Duquesne,27,16,11,0.593,5.8,3.8,11,4,3,6,1932,1832,1080,672,1552,0.433,208,623,0.334,380,535,0.71,290,955,358,203,121,322,481,2023-2024
76,East Carolina,27,14,13,0.519,0.76,0.49,11,7,3,5,1868,1831,1085,660,1574,0.419,181,581,0.312,367,526,0.698,328,949,324,220,72,282,413,2023-2024
77,East Tennessee State,29,14,15,0.483,-4.42,-1.91,9,4,4,11,2030,2019,1160,705,1761,0.4,219,736,0.298,401,580,0.691,397,1114,328,214,143,350,514,2023-2024
78,Eastern Illinois,29,13,16,0.448,-11.01,-5.69,8,6,4,10,1997,1955,1160,749,1772,0.423,159,509,0.312,340,464,0.733,322,1026,378,237,80,299,504,2023-2024
79,Eastern Kentucky,28,17,11,0.607,-3.93,-3.69,13,3,4,8,2293,2140,1125,838,1810,0.463,232,632,0.367,385,564,0.683,367,1134,430,183,167,326,453,2023-2024
80,Eastern Michigan,27,11,16,0.407,-12.98,-4.62,8,5,3,10,1817,2008,1090,691,1586,0.436,157,508,0.309,278,414,0.671,275,923,285,153,63,317,446,2023-2024
81,Eastern Washington,28,18,10,0.643,0.13,-1.68,9,1,9,9,2229,2062,1120,775,1560,0.497,247,664,0.372,432,570,0.758,228,962,488,164,103,372,508,2023-2024
82,Elon,29,12,17,0.414,-10.75,-4.52,7,5,3,12,2138,2201,1160,756,1681,0.45,249,696,0.358,377,528,0.714,296,975,378,181,80,339,460,2023-2024
83,Evansville,29,15,14,0.517,-2.72,0.43,10,4,4,10,2110,2128,1170,776,1691,0.459,200,571,0.35,358,503,0.712,223,985,394,183,93,342,433,2023-2024
84,Fairfield,28,18,10,0.643,-2.72,-6.84,9,4,9,5,2156,1998,1120,766,1685,0.455,269,702,0.383,355,467,0.76,279,946,399,231,63,313,413,2023-2024
85,FDU,29,14,15,0.483,-13.41,-9.08,7,6,7,8,2257,2272,1170,783,1838,0.426,252,745,0.338,439,626,0.701,335,1087,451,247,73,374,532,2023-2024
86,Florida,27,19,8,0.704,15.68,8.05,12,1,3,5,2289,2083,1105,815,1798,0.453,211,629,0.335,448,646,0.693,430,1185,414,179,145,324,478,2023-2024
87,Florida A&M,25,5,20,0.2,-16.2,-2.72,3,7,2,12,1695,1982,1015,632,1457,0.434,154,446,0.345,277,396,0.699,244,878,366,133,69,375,483,2023-2024
88,Florida Atlantic,28,21,7,0.75,14.62,4.51,11,1,4,5,2323,2040,1145,833,1742,0.478,248,689,0.36,409,571,0.716,341,1071,429,207,77,308,448,2023-2024
89,Florida Gulf Coast,29,12,17,0.414,-6.22,-3.03,9,4,2,10,2052,2090,1165,750,1656,0.453,220,635,0.346,332,476,0.697,294,1000,344,170,97,323,420,2023-2024
90,Florida International,28,9,19,0.321,-7.49,-1.38,8,6,1,10,2063,2137,1125,751,1731,0.434,237,716,0.331,324,480,0.675,310,903,402,300,107,388,512,2023-2024
91,Florida State,27,14,13,0.519,10.1,8.91,8,7,4,5,2051,2019,1085,734,1626,0.451,164,516,0.318,419,606,0.691,276,911,330,252,113,329,549,2023-2024
92,Fordham,27,11,16,0.407,-0.55,1.04,5,10,4,4,1948,1991,1100,670,1628,0.412,217,681,0.319,391,592,0.66,342,998,359,225,132,355,544,2023-2024
93,Fresno State,27,11,16,0.407,-2.15,3.12,7,7,3,7,1837,1963,1090,675,1452,0.465,188,552,0.341,299,450,0.664,214,855,347,166,71,346,405,2023-2024
94,Furman,29,16,13,0.552,1.05,-2.15,12,2,4,9,2315,2179,1175,808,1801,0.449,278,851,0.327,421,581,0.725,325,1110,485,210,80,356,463,2023-2024
95,Gardner-Webb,29,14,15,0.483,-4.1,-0.95,8,4,5,8,2156,2138,1171,772,1765,0.437,214,634,0.338,398,627,0.635,327,1112,365,171,66,331,563,2023-2024
96,George Mason,27,18,9,0.667,6.71,2.09,13,2,4,6,1972,1828,1080,677,1458,0.464,192,546,0.352,426,567,0.751,274,983,313,145,90,319,447,2023-2024
97,George Washington,27,14,13,0.519,-1.13,-0.36,11,5,1,7,2123,2128,1115,727,1648,0.441,242,679,0.356,427,572,0.747,256,1021,332,161,137,340,414,2023-2024
98,Georgetown,27,9,18,0.333,0.99,6.66,7,10,2,8,1935,2088,1090,660,1584,0.417,221,647,0.342,394,547,0.72,332,934,333,155,87,330,441,2023-2024
99,Georgia,27,15,12,0.556,9.03,7.8,11,5,4,4,2055,2022,1085,687,1573,0.437,217,630,0.344,464,632,0.734,263,959,315,170,88,312,456,2023-2024
100,Georgia Southern,29,6,23,0.207,-9.64,-1.85,4,6,2,14,2085,2311,1170,726,1709,0.425,274,789,0.347,359,499,0.719,300,967,309,199,113,388,582,2023-2024
101,Georgia State,28,13,15,0.464,-4.11,-2.46,8,4,5,11,2136,2070,1130,775,1789,0.433,210,663,0.317,376,496,0.758,297,1056,334,165,84,273,500,2023-2024
102,Georgia Tech,28,12,16,0.429,4.16,8.66,7,7,3,8,1980,2106,1140,703,1690,0.416,224,685,0.327,350,500,0.7,324,1073,367,125,115,342,477,2023-2024
103,Gonzaga,28,22,6,0.786,16.77,1.62,13,2,6,2,2411,1936,1120,910,1764,0.516,198,569,0.348,393,549,0.716,322,1125,458,196,114,281,445,2023-2024
104,Grambling,27,14,13,0.519,-10.9,-4.36,7,3,6,8,1800,1890,1083,645,1476,0.437,135,417,0.324,375,534,0.702,273,855,257,204,73,360,430,2023-2024
105,Grand Canyon,28,24,4,0.857,9.08,-1.29,14,0,7,3,2244,1914,1125,758,1624,0.467,201,582,0.345,527,708,0.744,337,1087,340,228,143,353,507,2023-2024
106,Green Bay,29,17,12,0.586,-4.59,-3.74,10,4,7,7,1987,1961,1170,706,1572,0.449,260,759,0.343,315,434,0.726,258,964,370,127,63,350,491,2023-2024
107,Hampton,29,7,22,0.241,-15.62,-4.73,4,9,1,11,2126,2244,1160,765,1764,0.434,216,668,0.323,380,537,0.708,330,1066,376,175,95,373,469,2023-2024
108,Harvard,24,14,10,0.583,-2.87,-1.35,9,5,5,5,1703,1710,965,591,1335,0.443,174,523,0.333,347,491,0.707,217,839,308,141,101,284,359,2023-2024
109,Hawaii,28,16,12,0.571,0.84,-1.7,11,6,3,5,2033,1926,1130,700,1524,0.459,220,652,0.337,413,582,0.71,242,956,347,133,76,343,497,2023-2024
110,High Point,29,23,6,0.793,2.69,-5.16,14,1,7,4,2451,2136,1175,807,1736,0.465,240,696,0.345,597,770,0.775,386,1176,348,149,96,317,509,2023-2024
111,Hofstra,29,18,11,0.621,2.36,-2.14,11,2,4,9,2172,1993,1165,806,1709,0.472,299,806,0.371,261,352,0.741,230,964,457,173,104,303,433,2023-2024
112,Holy Cross,29,9,20,0.31,-17.33,-7.83,5,7,3,12,1904,2142,1165,708,1632,0.434,215,616,0.349,273,417,0.655,244,954,317,119,98,327,469,2023-2024
113,Houston,27,24,3,0.889,26.79,8.72,15,0,5,3,2003,1515,1090,723,1661,0.435,202,591,0.342,355,515,0.689,389,1056,353,277,132,234,487,2023-2024
114,Houston Christian,25,6,19,0.24,-18.78,-2.91,5,6,1,13,1773,2066,1005,649,1508,0.43,123,407,0.302,352,549,0.641,302,951,278,145,75,398,351,2023-2024
115,Howard,27,12,15,0.444,-8.55,-6.39,7,4,5,8,2036,2045,1100,684,1513,0.452,214,586,0.365,454,614,0.739,300,969,372,171,74,430,518,2023-2024
116,Idaho,28,11,17,0.393,-9.1,-3.79,6,8,4,9,1944,1992,1125,704,1575,0.447,213,636,0.335,323,443,0.729,231,903,351,162,94,309,491,2023-2024
117,Idaho State,28,12,16,0.429,-6.54,-4.34,8,3,4,12,1956,1923,1135,715,1543,0.463,185,557,0.332,341,499,0.683,276,908,345,191,102,319,463,2023-2024
118,Illinois,27,20,7,0.741,19.84,8.03,14,2,4,5,2262,1943,1090,788,1690,0.466,231,669,0.345,455,615,0.74,353,1141,357,123,106,301,410,2023-2024
119,Illinois State,29,14,15,0.483,-0.38,1.33,9,6,4,7,1928,1957,1160,667,1587,0.42,174,601,0.29,420,593,0.708,299,1024,350,164,61,334,464,2023-2024
120,Illinois-Chicago,29,11,18,0.379,-0.95,1.05,6,8,3,9,2024,2029,1160,746,1671,0.446,253,684,0.37,279,407,0.686,236,964,404,170,159,364,506,2023-2024
121,Incarnate Word,27,8,19,0.296,-14.54,-6.82,5,6,3,12,1970,2113,1090,675,1558,0.433,210,616,0.341,410,556,0.737,284,974,334,166,117,433,511,2023-2024
122,Indiana,27,14,13,0.519,7.12,9.45,11,5,2,6,1967,2030,1080,716,1510,0.474,134,426,0.315,401,614,0.653,246,948,398,140,103,320,480,2023-2024
123,Indiana State,29,24,5,0.828,12.57,0.86,12,1,8,4,2447,2089,1165,839,1673,0.501,317,835,0.38,452,572,0.79,210,1043,497,183,56,351,483,2023-2024
124,Iona,27,13,14,0.481,-3.17,-4.69,8,4,4,7,1968,1927,1080,711,1643,0.433,218,621,0.351,328,499,0.657,298,880,392,256,82,286,509,2023-2024
125,Iowa,28,16,12,0.571,13.68,8.86,11,3,3,8,2338,2203,1125,856,1786,0.479,175,522,0.335,451,578,0.78,290,1001,488,204,107,275,468,2023-2024
126,Iowa State,27,21,6,0.778,21.88,6.88,16,0,4,4,2104,1699,1080,757,1600,0.473,182,509,0.358,408,589,0.693,308,935,443,287,81,297,446,2023-2024
127,IUPUI,29,6,23,0.207,-21.58,-4.24,4,9,2,12,1906,2319,1165,700,1610,0.435,104,409,0.254,402,548,0.734,287,860,298,223,62,418,505,2023-2024
128,Jackson State,27,12,15,0.444,-10.28,-5.5,4,2,6,12,1911,2040,1085,667,1614,0.413,182,551,0.33,395,562,0.703,338,972,331,205,103,373,480,2023-2024
129,Jacksonville,28,14,14,0.5,-9.83,-4.19,11,1,2,13,1995,2005,1125,708,1635,0.433,177,566,0.313,400,575,0.696,344,1042,299,225,92,382,563,2023-2024
130,Jacksonville State,28,14,14,0.5,-1.92,-2.48,8,5,5,9,1971,1831,1125,713,1573,0.453,145,443,0.327,400,561,0.713,326,1048,308,195,109,372,457,2023-2024
131,James Madison,29,26,3,0.897,9.33,-4.49,14,1,10,2,2453,1995,1175,886,1851,0.479,247,693,0.356,434,613,0.708,339,1139,480,273,88,318,501,2023-2024
132,Kansas,27,21,6,0.778,19.09,10.36,14,0,3,5,2078,1824,1085,779,1553,0.502,161,465,0.346,359,494,0.727,217,979,532,204,100,316,390,2023-2024
133,Kansas City,29,14,15,0.483,-5.91,-3.79,10,3,4,9,2085,2033,1180,739,1728,0.428,250,736,0.34,357,509,0.701,334,1047,381,176,113,353,572,2023-2024
134,Kansas State,27,16,11,0.593,11.94,9.2,13,3,2,6,1938,1864,1110,666,1531,0.435,193,629,0.307,413,563,0.734,306,1014,381,171,117,400,467,2023-2024
135,Kennesaw State,29,15,14,0.517,-6.86,-5.09,9,4,4,10,2400,2321,1170,847,1903,0.445,271,835,0.325,435,642,0.678,360,1130,431,218,118,352,583,2023-2024
136,Kent State,27,13,14,0.481,-0.19,-1.83,7,6,4,7,2048,1944,1100,706,1586,0.445,224,623,0.36,412,543,0.759,303,941,351,190,73,341,489,2023-2024
137,Kentucky,27,19,8,0.704,18.34,7.56,12,4,5,3,2395,2104,1095,868,1759,0.493,262,639,0.41,397,521,0.762,274,1021,468,217,168,276,461,2023-2024
138,La Salle,28,14,14,0.5,-1.51,0.79,10,6,3,8,2075,2071,1140,751,1736,0.433,247,712,0.347,326,453,0.72,276,968,418,182,93,272,471,2023-2024
139,Lafayette,29,11,18,0.379,-10.1,-5.42,5,9,6,7,1841,1956,1180,679,1651,0.411,208,657,0.317,275,400,0.688,247,964,380,186,123,338,472,2023-2024
140,Lamar,27,15,12,0.556,-4.96,-7.44,10,2,3,10,2154,2017,1095,764,1689,0.452,208,583,0.357,418,572,0.731,342,1039,451,192,97,345,521,2023-2024
141,Le Moyne,28,12,16,0.429,-11.95,-8.55,8,3,4,13,2041,2009,1125,729,1692,0.431,275,804,0.342,308,410,0.751,245,947,439,226,90,317,429,2023-2024
142,Lehigh,27,12,15,0.444,-7.25,-6.37,6,5,6,10,1989,1931,1100,707,1595,0.443,188,596,0.315,387,524,0.739,232,977,361,186,63,329,451,2023-2024
143,Liberty,27,16,11,0.593,3.26,-0.74,10,2,2,7,2028,1757,1090,744,1598,0.466,276,755,0.366,264,397,0.665,246,937,433,147,56,264,408,2023-2024
144,Lindenwood,29,8,21,0.276,-18.73,-6.88,4,10,2,11,1903,2136,1165,656,1626,0.403,140,495,0.283,451,618,0.73,259,922,233,179,73,350,511,2023-2024
145,Lipscomb,29,18,11,0.621,-1.85,-4.26,10,1,6,9,2380,2230,1160,873,1765,0.495,268,722,0.371,366,480,0.763,220,960,422,174,98,291,374,2023-2024
146,Little Rock,29,18,11,0.621,-4.56,-7.91,12,4,6,6,2250,2153,1170,812,1737,0.467,185,553,0.335,441,595,0.741,329,1075,424,168,138,361,529,2023-2024
147,Long Beach State,28,18,10,0.643,-0.74,-1.93,8,2,9,6,2194,2112,1130,784,1724,0.455,151,485,0.311,475,674,0.705,332,1068,427,237,119,369,490,2023-2024
148,Long Island University,27,7,20,0.259,-17.58,-7.28,5,5,1,15,1799,2077,1090,654,1561,0.419,151,483,0.313,340,502,0.677,243,935,346,171,85,392,516,2023-2024
149,Longwood,29,17,12,0.586,-2.76,-6.14,12,3,5,9,2192,1972,1175,781,1719,0.454,168,503,0.334,462,686,0.673,401,1135,374,208,76,368,534,2023-2024
150,Louisiana,29,17,12,0.586,0.99,-1.79,10,2,5,9,2212,2062,1160,813,1786,0.455,232,664,0.349,354,485,0.73,333,1003,372,240,108,339,523,2023-2024
151,Louisiana State,27,14,13,0.519,9.3,7.26,10,5,2,6,2074,2019,1085,719,1569,0.458,208,585,0.356,428,597,0.717,282,970,317,224,106,352,472,2023-2024
152,Louisiana Tech,28,20,8,0.714,6.35,-0.78,13,1,7,7,2085,1769,1130,715,1560,0.458,203,568,0.357,452,647,0.699,330,1090,352,215,143,359,433,2023-2024
153,Louisiana-Monroe,27,11,16,0.407,-8.43,-1.23,8,6,3,10,1901,2005,1085,683,1596,0.428,139,460,0.302,396,600,0.66,352,1028,354,193,61,352,489,2023-2024
154,Louisville,27,8,19,0.296,0.56,6.64,7,8,1,9,1959,2123,1085,674,1549,0.435,145,477,0.304,466,623,0.748,281,954,299,141,73,345,449,2023-2024
155,Loyola (IL),27,20,7,0.741,6.99,1.76,13,2,6,3,2002,1815,1080,714,1538,0.464,225,627,0.359,349,500,0.698,236,986,460,181,133,346,526,2023-2024
156,Loyola (MD),29,6,23,0.207,-15.15,-6.25,1,10,5,12,1886,2101,1175,677,1596,0.424,210,627,0.335,322,498,0.647,293,1001,376,168,64,403,474,2023-2024
157,Loyola Marymount,28,11,17,0.393,0.45,1.45,7,8,3,6,2018,2004,1120,718,1616,0.444,231,640,0.361,351,478,0.734,276,972,323,103,68,304,462,2023-2024
158,Maine,28,13,15,0.464,-5.48,-4.45,7,4,4,11,1887,1863,1120,699,1582,0.442,150,503,0.298,339,468,0.724,215,907,352,233,83,323,461,2023-2024
159,Manhattan,25,5,20,0.2,-15.59,-3.8,2,9,3,11,1654,1925,1010,614,1513,0.406,187,604,0.31,239,332,0.72,240,840,360,193,68,344,356,2023-2024
160,Marist,25,15,10,0.6,-5.14,-8.58,7,3,8,7,1629,1543,1000,595,1339,0.444,174,483,0.36,265,385,0.688,182,802,307,184,70,300,408,2023-2024
161,Marquette,27,21,6,0.778,19.93,9.41,13,1,6,4,2136,1852,1080,797,1658,0.481,240,689,0.348,302,420,0.719,244,895,451,242,89,278,413,2023-2024
162,Marshall,29,12,17,0.414,-4.51,-0.69,8,7,3,7,2133,2207,1160,753,1853,0.406,230,759,0.303,397,556,0.714,354,1152,439,201,129,348,463,2023-2024
163,Maryland,28,15,13,0.536,12.61,7.29,11,4,4,7,1949,1800,1135,649,1573,0.413,170,588,0.289,481,669,0.719,340,1026,301,185,135,332,489,2023-2024
164,Maryland-Baltimore County,29,10,19,0.345,-8.8,-5.3,6,8,4,11,2278,2357,1160,867,1852,0.468,236,649,0.364,308,450,0.684,284,1070,374,145,109,389,452,2023-2024
165,Maryland-Eastern Shore,24,8,16,0.333,-18.01,-6.06,8,3,0,14,1570,1697,975,553,1403,0.394,144,481,0.299,320,444,0.721,263,856,262,166,64,330,422,2023-2024
166,Massachusetts,27,17,10,0.63,8.49,0.86,12,3,2,6,2138,1932,1085,763,1673,0.456,182,577,0.315,430,611,0.704,363,1044,435,220,82,304,511,2023-2024
167,Massachusetts-Lowell,26,19,7,0.731,-1.04,-6.61,9,3,10,4,2113,1824,1045,766,1561,0.491,144,451,0.319,437,591,0.739,292,1038,338,180,130,341,390,2023-2024
168,McNeese State,27,24,3,0.889,7.7,-6.13,14,0,9,3,2177,1653,1080,785,1592,0.493,207,536,0.386,400,579,0.691,296,982,402,290,91,263,462,2023-2024
169,Memphis,28,20,8,0.714,9.14,4.75,12,2,6,5,2239,2116,1130,774,1688,0.459,228,656,0.348,461,639,0.721,332,1037,375,247,134,376,491,2023-2024
170,Mercer,29,14,15,0.483,-4.63,-2.47,10,6,3,8,2050,2066,1160,768,1720,0.447,181,535,0.338,333,502,0.663,328,1000,387,204,90,336,568,2023-2024
171,Merrimack,28,18,10,0.643,-4.51,-7.39,11,1,6,8,1944,1844,1130,679,1538,0.441,192,638,0.301,394,552,0.714,226,880,349,287,105,374,456,2023-2024
172,Miami (FL),28,15,13,0.536,10.72,6.94,11,5,2,7,2156,2050,1125,785,1698,0.462,252,687,0.367,334,442,0.756,276,1024,410,201,91,339,359,2023-2024
173,Miami (OH),27,13,14,0.481,-5.35,-3.95,9,4,4,10,1956,1902,1085,688,1515,0.454,222,599,0.371,358,503,0.712,216,894,407,165,75,316,475,2023-2024
174,Michigan,28,8,20,0.286,7.58,11.76,5,9,2,8,2094,2211,1135,748,1641,0.456,231,623,0.371,367,521,0.704,293,995,358,115,106,358,476,2023-2024
175,Michigan State,28,17,11,0.607,18.43,10.04,13,4,3,5,2083,1848,1125,773,1641,0.471,183,499,0.367,354,506,0.7,272,965,467,199,112,276,449,2023-2024
176,Middle Tennessee,28,12,16,0.429,-7.09,-0.78,10,6,1,8,1840,1941,1145,641,1574,0.407,203,660,0.308,355,519,0.684,309,992,283,153,124,406,438,2023-2024
177,Milwaukee,29,15,14,0.517,-5.41,-3.23,10,4,4,9,2281,2293,1185,802,1828,0.439,251,758,0.331,426,596,0.715,400,1125,410,172,132,372,525,2023-2024
178,Minnesota,27,17,10,0.63,11.04,4.9,15,3,2,6,2050,1884,1085,724,1542,0.47,217,611,0.355,385,560,0.688,285,980,485,167,125,326,450,2023-2024
179,Mississippi,27,19,8,0.704,9.7,6.74,14,2,3,6,2029,1949,1080,716,1596,0.449,200,531,0.377,397,536,0.741,287,922,414,222,162,285,428,2023-2024
180,Mississippi State,27,19,8,0.704,15.09,7.65,11,2,2,6,2023,1822,1080,711,1576,0.451,197,611,0.322,404,603,0.67,341,1060,395,220,90,347,449,2023-2024
181,Mississippi Valley State,27,0,27,0,-27.32,-2.17,0,8,0,19,1459,2138,1085,522,1400,0.373,110,406,0.271,305,463,0.659,271,809,223,172,62,453,495,2023-2024
182,Missouri,27,8,19,0.296,3.91,6.8,6,9,2,8,1944,2022,1085,682,1555,0.439,205,628,0.326,375,475,0.789,244,845,337,205,135,307,532,2023-2024
183,Missouri State,29,15,14,0.517,0.47,1.12,8,5,4,9,2089,2108,1180,748,1696,0.441,204,640,0.319,389,552,0.705,287,1125,347,125,129,348,445,2023-2024
184,Monmouth,29,16,13,0.552,-2.46,-2.05,13,1,1,12,2100,2112,1161,752,1742,0.432,224,630,0.356,372,530,0.702,317,1017,371,213,105,308,494,2023-2024
185,Montana,28,19,9,0.679,-0.35,-3.03,12,3,7,6,2158,1998,1125,787,1644,0.479,211,603,0.35,373,470,0.794,248,970,424,135,84,274,464,2023-2024
186,Montana State,28,12,16,0.429,-6.37,-3.57,9,7,3,9,2062,2075,1130,732,1599,0.458,240,674,0.356,358,487,0.735,188,851,360,231,61,333,536,2023-2024
187,Morehead State,29,21,8,0.724,0.38,-4.74,12,1,9,7,2196,1840,1160,788,1684,0.468,267,753,0.355,353,491,0.719,349,1152,439,166,140,348,471,2023-2024
188,Morgan State,26,9,17,0.346,-16.53,-4.86,7,3,3,12,1879,2028,1050,704,1580,0.446,136,446,0.305,335,451,0.743,285,914,321,168,86,382,506,2023-2024
189,Mount St. Mary's,28,12,16,0.429,-5.83,-7.08,8,4,4,12,2027,1992,1135,759,1626,0.467,182,540,0.337,327,449,0.728,283,996,364,200,111,409,440,2023-2024
190,Murray State,29,12,17,0.414,2.43,1.68,8,7,4,8,2059,2005,1165,757,1666,0.454,196,597,0.328,349,500,0.698,266,954,348,178,86,278,440,2023-2024
191,Navy,27,10,17,0.37,-11.92,-8.77,8,5,2,12,1802,1826,1090,625,1587,0.394,156,529,0.295,396,566,0.7,333,947,327,192,50,269,494,2023-2024
192,NC State,27,17,10,0.63,10.59,6.04,12,4,4,4,2051,1928,1090,739,1671,0.442,193,575,0.336,380,519,0.732,284,958,350,207,87,255,467,2023-2024
193,Nebraska,28,20,8,0.714,14.57,6.93,17,1,2,7,2159,1945,1135,742,1651,0.449,264,731,0.361,411,541,0.76,275,1066,432,178,74,318,436,2023-2024
194,Nevada,28,22,6,0.786,13.2,3.87,13,2,6,3,2142,1857,1125,738,1556,0.474,176,502,0.351,490,688,0.712,260,986,424,177,99,277,486,2023-2024
195,Nevada-Las Vegas,26,16,10,0.615,8.8,6.3,10,5,6,2,1929,1777,1050,707,1510,0.468,174,527,0.33,341,478,0.713,266,875,359,165,114,276,420,2023-2024
196,New Hampshire,26,15,11,0.577,-5.11,-3.47,8,4,7,7,1957,1921,1045,687,1630,0.421,235,712,0.33,348,477,0.73,239,987,319,184,55,309,390,2023-2024
197,New Mexico,28,21,7,0.75,15.69,4.8,12,3,5,4,2317,1990,1120,844,1813,0.466,187,547,0.342,442,631,0.7,346,1091,411,257,133,286,503,2023-2024
198,New Mexico State,28,11,17,0.393,-7.68,1.74,11,3,0,12,1896,2012,1135,667,1582,0.422,178,544,0.327,384,558,0.688,250,940,311,181,82,348,567,2023-2024
199,New Orleans,28,8,20,0.286,-16.89,-5.06,7,5,1,14,2088,2251,1126,737,1743,0.423,152,495,0.307,462,650,0.711,316,965,344,218,97,342,534,2023-2024
200,Niagara,26,14,12,0.538,-6.56,-6.16,5,7,9,5,1932,1893,1055,681,1440,0.473,161,434,0.371,409,531,0.77,197,810,331,143,56,307,391,2023-2024
201,Nicholls State,27,15,12,0.556,-7.66,-3.95,9,2,6,8,1981,2017,1120,668,1527,0.437,213,608,0.35,432,595,0.726,264,965,288,184,122,363,503,2023-2024
202,NJIT,26,7,19,0.269,-13.44,-3.96,5,7,2,12,1760,1921,1040,611,1539,0.397,188,611,0.308,350,495,0.707,297,894,271,186,89,292,501,2023-2024
203,Norfolk State,27,18,9,0.667,-6.36,-6.1,11,0,5,7,2001,1825,1085,686,1523,0.45,169,504,0.335,460,632,0.728,299,950,325,234,81,335,512,2023-2024
204,North Alabama,29,13,16,0.448,-6.54,-4.14,10,4,3,12,2217,2205,1186,781,1757,0.445,219,619,0.354,436,572,0.762,292,1038,326,154,93,302,540,2023-2024
205,North Carolina,27,21,6,0.778,20.88,9.51,11,1,7,2,2208,1901,1085,755,1686,0.448,215,606,0.355,483,640,0.755,330,1111,391,156,118,282,459,2023-2024
206,North Carolina A&T,29,7,22,0.241,-15.27,-3.17,4,6,2,13,1916,2267,1160,657,1688,0.389,177,605,0.293,425,595,0.714,272,912,301,167,95,276,447,2023-2024
207,North Carolina Central,25,14,11,0.56,-7.17,-6.88,9,2,5,8,1896,1692,1010,663,1472,0.45,179,548,0.327,391,567,0.69,271,890,312,204,68,298,446,2023-2024
208,North Dakota,29,17,12,0.586,-6.42,-5.57,8,4,7,8,2179,2089,1165,770,1751,0.44,236,732,0.322,403,571,0.706,343,1076,331,181,90,302,446,2023-2024
209,North Dakota State,29,15,14,0.517,-5.83,-2.72,10,3,5,10,2201,2132,1195,801,1684,0.476,229,606,0.378,370,515,0.718,253,1015,343,134,38,320,436,2023-2024
210,North Florida,29,15,14,0.517,-6.42,-4.19,10,4,5,10,2260,2188,1170,766,1743,0.439,348,974,0.357,380,494,0.769,260,979,363,168,101,333,464,2023-2024
211,North Texas,26,14,12,0.538,8.24,3.9,10,3,3,5,1748,1592,1050,617,1438,0.429,209,566,0.369,305,419,0.728,305,915,277,183,79,303,435,2023-2024
212,Northeastern,29,12,17,0.414,-5.22,-3.02,7,5,4,11,2030,2094,1160,734,1591,0.461,188,581,0.324,374,496,0.754,292,963,399,184,93,370,435,2023-2024
213,Northern Arizona,29,13,16,0.448,-11.26,-3.5,7,4,5,11,1981,2206,1160,720,1641,0.439,184,589,0.312,357,513,0.696,231,891,403,167,96,366,536,2023-2024
214,Northern Colorado,28,17,11,0.607,-3.28,-4.36,11,3,5,7,2248,2170,1155,823,1710,0.481,224,637,0.352,378,522,0.724,244,994,410,175,70,303,461,2023-2024
215,Northern Illinois,27,9,18,0.333,-9.63,-0.59,5,8,3,10,1980,2110,1095,696,1574,0.442,193,596,0.324,395,581,0.68,271,955,269,148,134,346,470,2023-2024
216,Northern Iowa,29,16,13,0.552,3.97,3.18,10,3,5,8,2128,2066,1170,744,1612,0.462,213,610,0.349,427,605,0.706,231,974,364,176,73,305,485,2023-2024
217,Northern Kentucky,29,16,13,0.552,-3.13,-3.25,12,3,4,10,2138,2083,1175,761,1675,0.454,175,560,0.313,441,619,0.712,313,1017,405,252,81,366,472,2023-2024
218,Northwestern,27,19,8,0.704,12.36,7.21,14,1,3,6,2010,1871,1100,722,1577,0.458,229,580,0.395,337,459,0.734,239,850,431,198,92,241,491,2023-2024
219,Northwestern State,28,9,19,0.321,-13.31,-4.69,6,5,3,12,1974,2127,1120,704,1612,0.437,189,587,0.322,377,567,0.665,302,933,326,193,91,374,518,2023-2024
220,Notre Dame,27,10,17,0.37,4.44,6.92,7,8,2,8,1704,1771,1095,608,1495,0.407,204,652,0.313,284,390,0.728,273,984,273,159,69,354,398,2023-2024
221,Oakland,30,19,11,0.633,1.93,-1.2,8,3,9,7,2291,2197,1220,812,1807,0.449,259,739,0.35,408,543,0.751,319,1080,424,199,70,343,450,2023-2024
222,Ohio,27,15,12,0.556,-0.23,-4.03,10,3,3,7,2117,1938,1095,749,1622,0.462,242,663,0.365,377,521,0.724,270,950,382,181,101,263,464,2023-2024
223,Ohio State,28,16,12,0.571,12.45,8.31,11,4,1,8,2073,1957,1136,735,1647,0.446,195,585,0.333,408,534,0.764,310,1012,379,153,126,282,472,2023-2024
224,Oklahoma,27,19,8,0.704,15.73,6.7,13,3,3,4,2058,1814,1085,720,1533,0.47,200,586,0.341,418,565,0.74,268,974,368,165,88,330,431,2023-2024
225,Oklahoma State,27,12,15,0.444,7.89,7.41,10,6,1,7,1945,1932,1095,682,1522,0.448,229,661,0.346,352,514,0.685,250,923,381,169,73,345,422,2023-2024
226,Old Dominion,29,7,22,0.241,-6.59,-0.91,5,10,1,10,2046,2191,1165,763,1813,0.421,198,631,0.314,322,487,0.661,290,1029,301,234,111,316,519,2023-2024
227,Omaha,30,14,16,0.467,-6.05,-4.59,11,3,2,12,2244,2178,1210,772,1702,0.454,191,571,0.335,509,682,0.746,258,1007,306,186,69,294,502,2023-2024
228,Oral Roberts,28,11,17,0.393,-6.64,-1.96,9,4,2,13,2081,2122,1130,745,1678,0.444,255,701,0.364,336,454,0.74,213,932,309,158,103,271,483,2023-2024
229,Oregon,27,18,9,0.667,11.73,7.39,11,2,6,4,2049,1932,1085,729,1607,0.454,214,599,0.357,377,529,0.713,273,941,374,189,97,284,445,2023-2024
230,Oregon State,28,12,16,0.429,3.21,8.1,11,5,1,8,1927,2023,1150,672,1527,0.44,170,524,0.324,413,565,0.731,245,927,314,168,101,353,521,2023-2024
231,Pacific,30,6,24,0.2,-15.7,0.26,5,12,1,12,1959,2370,1210,689,1656,0.416,193,604,0.32,388,600,0.647,193,814,395,186,58,348,519,2023-2024
232,Penn State,28,14,14,0.5,9.01,7.33,12,4,2,6,2117,2070,1130,733,1657,0.442,220,660,0.333,431,580,0.743,259,875,346,243,93,306,501,2023-2024
233,Pennsylvania,26,10,16,0.385,-3.1,0.27,8,4,2,10,1911,1893,1060,687,1542,0.446,246,673,0.366,291,422,0.69,283,953,381,157,63,294,384,2023-2024
234,Pepperdine,30,12,18,0.4,-2.77,1.38,9,7,3,8,2192,2260,1200,794,1762,0.451,209,577,0.362,395,566,0.698,304,1006,393,153,81,329,491,2023-2024
235,Pittsburgh,27,18,9,0.667,13.65,5.62,11,5,6,3,2028,1811,1080,704,1635,0.431,257,736,0.349,363,519,0.699,324,1026,371,174,128,257,416,2023-2024
236,Portland,29,9,20,0.31,-9.65,1.61,7,6,2,11,2081,2345,1160,728,1673,0.435,250,737,0.339,375,525,0.714,245,976,390,126,67,361,450,2023-2024
237,Portland State,29,16,13,0.552,-6.37,-4.03,10,2,5,10,2088,2082,1169,735,1758,0.418,220,666,0.33,398,573,0.695,322,1057,352,200,98,323,514,2023-2024
238,Prairie View,27,10,17,0.37,-14.05,-5.57,5,4,4,13,1908,2066,1080,673,1607,0.419,129,420,0.307,433,595,0.728,265,826,319,258,67,342,554,2023-2024
239,Presbyterian,29,13,16,0.448,-7.67,-4.67,7,7,5,8,2186,2131,1165,790,1655,0.477,192,556,0.345,414,628,0.659,271,952,387,194,98,329,556,2023-2024
240,Princeton,24,21,3,0.875,7.27,-1.73,10,0,10,3,1809,1528,960,626,1375,0.455,244,695,0.351,313,388,0.807,202,816,349,131,53,203,313,2023-2024
241,Providence,27,18,9,0.667,13.14,7.44,14,2,3,6,1997,1843,1095,706,1558,0.453,220,671,0.328,365,517,0.706,245,981,376,178,125,333,425,2023-2024
242,Purdue,28,25,3,0.893,25.5,10.75,14,0,6,3,2375,1962,1130,816,1661,0.491,237,590,0.402,506,701,0.722,349,1146,514,163,108,321,389,2023-2024
243,Purdue Fort Wayne,29,18,11,0.621,-0.34,-6.34,9,5,7,6,2364,2075,1165,846,1784,0.474,274,761,0.36,398,568,0.701,239,924,385,272,91,292,518,2023-2024
244,Queens (NC),30,12,18,0.4,-8.54,-2.61,10,3,1,15,2412,2465,1200,849,1894,0.448,265,780,0.34,449,636,0.706,331,1097,399,213,85,348,520,2023-2024
245,Quinnipiac,27,19,8,0.704,-4.43,-6.85,11,3,8,5,2116,1985,1085,742,1666,0.445,212,602,0.352,420,538,0.781,287,993,373,210,99,339,447,2023-2024
246,Radford,29,15,14,0.517,-4.6,-2.71,8,4,4,10,2128,2095,1175,780,1671,0.467,225,595,0.378,343,462,0.742,280,988,335,166,106,323,507,2023-2024
247,Rhode Island,27,11,16,0.407,-1.42,3.28,9,6,2,7,1984,2068,1080,717,1540,0.466,176,489,0.36,374,583,0.642,285,1001,356,133,83,339,457,2023-2024
248,Rice,27,11,16,0.407,-1.12,2.34,6,8,5,5,1995,2041,1095,721,1614,0.447,225,656,0.343,328,470,0.698,289,977,397,152,91,324,405,2023-2024
249,Richmond,27,20,7,0.741,8.83,1.54,13,1,6,4,1975,1778,1085,725,1561,0.464,204,563,0.362,321,437,0.735,154,902,361,186,80,226,384,2023-2024
250,Rider,28,12,16,0.429,-5.95,-3.66,8,4,4,12,2064,2080,1135,752,1705,0.441,168,490,0.343,392,521,0.752,321,1061,386,189,109,355,492,2023-2024
251,Robert Morris,29,10,19,0.345,-8.5,-4.24,7,8,3,11,2138,2194,1180,763,1754,0.435,240,718,0.334,372,516,0.721,360,1054,391,141,80,392,521,2023-2024
252,Rutgers,27,14,13,0.519,8.16,8.45,11,4,3,7,1786,1794,1085,637,1628,0.391,147,505,0.291,365,546,0.668,334,1012,322,201,147,311,452,2023-2024
253,Sacramento State,29,7,22,0.241,-11.96,-2.77,5,7,2,13,1904,2035,1160,675,1584,0.426,206,656,0.314,348,492,0.707,355,1050,373,141,81,424,494,2023-2024
254,Sacred Heart,29,14,15,0.483,-10.53,-8.94,10,4,3,11,2147,2117,1160,778,1727,0.45,215,598,0.36,376,541,0.695,275,968,396,257,147,347,494,2023-2024
255,Saint Francis (PA),28,8,20,0.286,-17.83,-7.53,6,7,2,13,1835,2036,1125,668,1578,0.423,177,538,0.329,322,524,0.615,338,976,341,165,105,385,496,2023-2024
256,Saint Joseph's,28,17,11,0.607,5.98,0.8,12,3,3,8,2142,1997,1125,745,1669,0.446,291,800,0.364,361,495,0.729,284,1008,410,197,108,314,436,2023-2024
257,Saint Louis,27,10,17,0.37,-1.76,4.17,8,6,1,9,2012,2130,1080,682,1528,0.446,212,574,0.369,436,586,0.744,233,909,334,164,78,328,498,2023-2024
258,Saint Mary's (CA),29,23,6,0.793,17.02,2.84,14,3,8,0,2162,1686,1170,800,1717,0.466,219,629,0.348,343,499,0.687,386,1156,467,194,119,288,478,2023-2024
259,Saint Peter's,26,15,11,0.577,-4.37,-5.85,7,4,8,7,1692,1652,1045,567,1443,0.393,154,484,0.318,404,562,0.719,322,908,287,199,96,332,500,2023-2024
260,Sam Houston,28,17,11,0.607,-1.18,-0.94,10,2,6,9,2006,1955,1130,700,1668,0.42,210,600,0.35,396,546,0.725,331,1063,366,192,69,373,490,2023-2024
261,Samford,29,25,4,0.862,7.6,-3.58,17,0,8,4,2532,2140,1160,897,1806,0.497,296,737,0.402,442,609,0.726,313,1048,529,305,115,380,544,2023-2024
262,San Diego,29,16,13,0.552,-3.59,1.34,11,6,4,6,2113,2229,1160,753,1716,0.439,203,583,0.348,404,548,0.737,285,999,379,200,110,396,539,2023-2024
263,San Diego State,28,21,7,0.75,16.38,8.5,13,0,5,7,2108,1849,1135,732,1621,0.452,196,611,0.321,448,608,0.737,305,1048,359,210,107,319,493,2023-2024
264,San Francisco,29,22,7,0.759,10.67,-1.08,14,1,6,4,2292,1894,1165,860,1729,0.497,248,697,0.356,324,424,0.764,279,993,467,249,101,339,531,2023-2024
265,San Jose State,28,9,19,0.321,-3.53,2.55,6,8,1,10,1982,2101,1130,735,1628,0.451,242,687,0.352,270,391,0.691,225,869,381,150,98,293,472,2023-2024
266,Santa Clara,29,18,11,0.621,5.61,1.9,10,4,5,5,2225,2084,1160,804,1737,0.463,242,676,0.358,375,529,0.709,350,1133,443,141,77,375,513,2023-2024
267,Seattle,28,18,10,0.643,4.54,-1.46,14,3,4,7,2088,1871,1150,729,1629,0.448,216,620,0.348,414,577,0.718,279,1041,371,164,88,362,540,2023-2024
268,Seton Hall,27,18,9,0.667,12.3,7.85,12,3,5,4,1980,1860,1095,717,1587,0.452,150,475,0.316,396,513,0.772,341,1037,344,204,127,348,421,2023-2024
269,Siena,27,4,23,0.148,-19.47,-4.32,2,10,2,11,1631,2040,1080,591,1490,0.397,140,512,0.273,309,477,0.648,325,966,286,141,114,438,414,2023-2024
270,South Alabama,29,14,15,0.483,-5.4,-2.21,9,6,5,9,2143,2206,1180,755,1707,0.442,217,624,0.348,416,555,0.75,229,957,310,195,77,329,488,2023-2024
271,South Carolina,27,22,5,0.815,11.46,4.83,13,2,6,3,1938,1759,1085,684,1556,0.44,223,652,0.342,347,481,0.721,310,973,414,130,82,280,425,2023-2024
272,South Carolina State,26,10,16,0.385,-11.34,-4.05,7,4,3,12,1853,2003,1050,651,1573,0.414,158,493,0.32,393,577,0.681,380,983,352,209,81,386,546,2023-2024
273,South Carolina Upstate,28,9,19,0.321,-8.79,-2.15,5,7,4,12,1996,2049,1135,727,1638,0.444,219,651,0.336,323,492,0.657,245,879,349,206,85,322,554,2023-2024
274,South Dakota,29,11,18,0.379,-11.7,-4.66,8,6,2,11,2218,2295,1180,794,1750,0.454,226,613,0.369,404,544,0.743,319,1111,356,107,51,385,474,2023-2024
275,South Dakota State,29,17,12,0.586,-0.31,-2.58,11,3,4,5,2246,2105,1170,818,1706,0.479,244,686,0.356,366,521,0.702,256,1046,378,187,101,340,438,2023-2024
276,South Florida,26,21,5,0.808,7.26,0.49,14,2,6,3,1956,1780,1040,654,1493,0.438,224,619,0.362,424,573,0.74,260,940,382,177,92,286,441,2023-2024
277,Southeast Missouri State,29,8,21,0.276,-18.04,-6.12,8,7,0,13,1958,2140,1165,725,1740,0.417,184,601,0.306,324,468,0.692,262,914,370,165,73,346,560,2023-2024
278,Southeastern Louisiana,28,14,14,0.5,-9.22,-4.54,9,3,5,9,1948,1977,1130,676,1554,0.435,209,596,0.351,387,527,0.734,306,984,411,194,65,385,459,2023-2024
279,Southern,27,16,11,0.593,-7.03,-4.19,10,1,6,10,1977,1891,1090,707,1584,0.446,191,590,0.324,372,551,0.675,261,855,379,262,80,371,531,2023-2024
280,Southern California,27,11,16,0.407,8.1,8.7,7,6,2,8,2004,2020,1100,716,1606,0.446,209,596,0.351,363,534,0.68,290,941,430,191,142,344,455,2023-2024
281,Southern Illinois,29,19,10,0.655,5.74,0.6,13,4,5,5,2106,1931,1170,718,1565,0.459,238,680,0.35,432,565,0.765,238,953,411,165,88,326,523,2023-2024
282,SIU Edwardsville,29,16,13,0.552,-8.09,-7.09,12,2,2,11,2085,2019,1160,731,1700,0.43,218,640,0.341,405,562,0.721,314,1006,338,200,124,306,477,2023-2024
283,Southern Indiana,29,8,21,0.276,-12.27,-4.16,5,8,3,13,2002,2120,1165,675,1652,0.409,196,596,0.329,456,612,0.745,294,1045,332,180,81,384,604,2023-2024
284,Southern Methodist,28,19,9,0.679,13.35,3.2,13,2,5,6,2160,1867,1120,802,1756,0.457,210,612,0.343,346,508,0.681,402,1119,445,240,139,317,465,2023-2024
285,Southern Mississippi,29,16,13,0.552,-4.41,-2.37,11,3,5,7,2046,2048,1160,704,1656,0.425,190,561,0.339,448,637,0.703,317,1077,351,205,137,365,502,2023-2024
286,Southern Utah,27,9,18,0.333,-4.64,-0.64,6,6,2,12,2047,2095,1085,717,1625,0.441,166,559,0.297,447,608,0.735,284,925,311,172,76,323,487,2023-2024
287,St. Bonaventure,27,17,10,0.63,8.46,2.16,10,3,5,5,1995,1825,1085,711,1535,0.463,209,564,0.371,364,475,0.766,267,896,352,173,98,294,452,2023-2024
288,St. John's (NY),28,16,12,0.571,15.16,9.59,11,4,3,6,2149,1993,1120,805,1820,0.442,193,589,0.328,346,486,0.712,414,1102,433,192,152,319,509,2023-2024
289,St. Thomas,29,17,12,0.586,-1.71,-5.25,10,2,6,9,2114,1904,1165,753,1608,0.468,260,738,0.352,348,474,0.734,228,897,394,182,64,267,463,2023-2024
290,Stanford,27,12,15,0.444,7.99,7.54,9,6,3,6,2075,2063,1095,748,1593,0.47,252,662,0.381,327,435,0.752,203,927,451,139,80,353,417,2023-2024
291,Stephen F. Austin,27,14,13,0.519,-0.36,-1.68,8,5,4,7,2034,1916,1100,708,1564,0.453,160,500,0.32,458,636,0.72,332,994,344,244,79,456,567,2023-2024
292,Stetson,29,18,11,0.621,-4.06,-2.91,11,2,5,9,2225,2075,1165,798,1729,0.462,266,735,0.362,363,475,0.764,290,1038,404,156,86,317,414,2023-2024
293,Stonehill,29,4,25,0.138,-19.37,-5.8,4,7,0,18,1849,2202,1165,669,1667,0.401,239,779,0.307,272,395,0.689,238,955,340,191,70,402,455,2023-2024
294,Stony Brook,29,16,13,0.552,-4.2,-3.06,12,3,4,10,2100,2091,1175,754,1737,0.434,222,648,0.343,370,504,0.734,286,1057,360,180,93,304,433,2023-2024
295,Syracuse,28,18,10,0.643,8.74,9.22,13,2,3,6,2136,2100,1120,768,1693,0.454,196,588,0.333,404,561,0.72,253,945,386,263,118,317,436,2023-2024
296,Tarleton State,27,20,7,0.741,0.94,-0.14,10,2,8,5,1967,1826,1085,720,1595,0.451,154,465,0.331,373,499,0.747,297,910,352,246,94,313,483,2023-2024
297,TCU,27,19,8,0.704,16.44,5.99,12,2,5,4,2194,1912,1100,798,1663,0.48,176,494,0.356,422,583,0.724,335,1010,478,248,105,347,468,2023-2024
298,Temple,27,10,17,0.37,-2.07,1.82,5,7,3,7,1923,1994,1110,654,1703,0.384,219,734,0.298,396,543,0.729,336,1010,299,206,64,280,460,2023-2024
299,Tennessee,27,21,6,0.778,22.6,8.89,13,1,6,3,2167,1797,1080,759,1663,0.456,231,670,0.345,418,561,0.745,313,1055,467,218,130,280,469,2023-2024
300,Tennessee State,29,17,12,0.586,-8.67,-7.23,11,3,5,8,2116,2037,1165,736,1656,0.444,194,584,0.332,450,598,0.753,288,1013,350,185,99,378,557,2023-2024
301,Tennessee Tech,29,10,19,0.345,-13.49,-5.95,7,8,3,11,1977,2128,1170,717,1583,0.453,187,561,0.333,356,498,0.715,174,887,363,151,83,337,391,2023-2024
302,Tennessee-Martin,29,19,10,0.655,-5.35,-6.67,10,2,9,7,2355,2215,1170,826,1844,0.448,249,696,0.358,454,600,0.757,293,1204,380,181,77,345,407,2023-2024
303,Texas,27,17,10,0.63,15.35,8.58,12,4,3,5,2034,1851,1085,744,1583,0.47,202,549,0.368,344,464,0.741,279,945,427,188,128,322,450,2023-2024
304,Texas A&M,27,15,12,0.556,11.49,8.64,9,4,4,6,1977,1900,1085,674,1715,0.393,179,661,0.271,450,649,0.693,480,1154,301,195,78,268,450,2023-2024
305,Texas A&M-Commerce,28,10,18,0.357,-13.41,-2.89,7,6,3,12,2007,2091,1150,710,1692,0.42,259,802,0.323,328,464,0.707,259,895,408,225,145,334,502,2023-2024
306,Texas A&M-Corpus Christi,27,17,10,0.63,-3.26,-5.13,10,2,7,7,2029,1787,1090,727,1679,0.433,154,508,0.303,421,610,0.69,369,1103,410,232,79,325,569,2023-2024
307,Texas Southern,25,11,14,0.44,-9.26,-5.38,5,3,5,10,1705,1762,1005,603,1497,0.403,173,564,0.307,326,463,0.704,281,894,285,182,102,326,467,2023-2024
308,Texas State,29,12,17,0.414,-5.32,0.05,7,4,5,11,1981,2035,1160,724,1660,0.436,131,411,0.319,402,588,0.684,324,1033,337,206,97,381,506,2023-2024
309,Texas Tech,27,19,8,0.704,15.55,8.55,14,1,2,6,2051,1862,1085,704,1546,0.455,232,638,0.364,411,530,0.775,270,948,404,159,76,294,388,2023-2024
310,Texas-Rio Grande Valley,27,6,21,0.222,-11.84,-0.52,5,7,1,12,1953,2166,1090,668,1582,0.422,143,488,0.293,474,676,0.701,268,924,352,224,87,392,506,2023-2024
311,The Citadel,29,11,18,0.379,-5.55,-2.98,7,6,2,12,2041,2032,1165,741,1616,0.459,185,556,0.333,374,522,0.716,269,1006,323,165,76,346,390,2023-2024
312,Toledo,27,17,10,0.63,2.1,-0.87,11,2,6,5,2161,2081,1090,779,1635,0.476,174,461,0.377,429,567,0.757,271,904,359,200,58,289,419,2023-2024
313,Towson,29,17,12,0.586,0.2,-1.58,12,2,5,5,1959,1858,1175,696,1663,0.419,184,564,0.326,383,587,0.652,428,1140,327,184,118,341,470,2023-2024
314,Troy,29,19,10,0.655,2.05,-2.68,15,2,4,8,2312,2032,1175,791,1795,0.441,252,726,0.347,478,657,0.728,396,1134,401,289,99,391,547,2023-2024
315,Tulane,26,13,13,0.5,4.37,2.29,10,5,2,6,2163,2081,1060,727,1517,0.479,199,558,0.357,510,688,0.741,174,857,373,211,114,282,443,2023-2024
316,Tulsa,27,14,13,0.519,-0.41,-0.57,13,4,1,8,2025,1980,1095,683,1560,0.438,206,635,0.324,453,611,0.741,248,958,339,220,92,363,454,2023-2024
317,UAB,27,18,9,0.667,4.28,3.93,11,4,6,4,2069,2024,1100,715,1615,0.443,158,508,0.311,481,638,0.754,356,1038,353,176,126,321,421,2023-2024
318,UC Davis,28,16,12,0.571,-2.15,-2.88,9,6,6,6,1980,1903,1130,672,1538,0.437,197,595,0.331,439,601,0.73,289,948,348,225,106,393,545,2023-2024
319,UC Irvine,28,20,8,0.714,7.27,-0.18,11,0,6,8,2151,1890,1130,785,1653,0.475,161,458,0.352,420,552,0.761,288,1045,435,185,102,335,505,2023-2024
320,UC Riverside,29,13,16,0.448,-4.48,-0.52,9,4,3,12,2016,2070,1161,711,1810,0.393,241,775,0.311,353,491,0.719,361,1078,384,156,42,287,498,2023-2024
321,UC San Diego,28,19,9,0.679,4.61,-1.43,13,1,6,7,2164,1917,1135,761,1656,0.46,250,710,0.352,392,516,0.76,264,975,371,179,78,264,450,2023-2024
322,UC Santa Barbara,26,14,12,0.538,-1.42,-2,8,6,5,6,1960,1884,1045,701,1424,0.492,155,434,0.357,403,553,0.729,219,922,349,123,84,333,418,2023-2024
323,UCF,26,14,12,0.538,12.32,7.06,11,5,1,7,1872,1735,1045,649,1554,0.418,182,574,0.317,392,557,0.704,321,987,314,232,141,316,459,2023-2024
324,UCLA,27,14,13,0.519,8.11,7.3,8,6,5,4,1778,1729,1080,621,1500,0.414,139,441,0.315,397,544,0.73,290,939,301,158,93,302,493,2023-2024
325,UNC Asheville,30,19,11,0.633,-0.85,-2.11,12,2,4,7,2409,2211,1210,807,1710,0.472,246,657,0.374,549,739,0.743,284,1052,463,175,132,367,523,2023-2024
326,UNC Greensboro,29,20,9,0.69,0.03,-1.79,10,3,7,6,2195,2036,1170,781,1700,0.459,288,729,0.395,345,471,0.732,285,1033,430,195,71,314,508,2023-2024
327,UNC Wilmington,27,20,7,0.741,2.75,-2.67,9,1,10,5,2172,1898,1090,761,1638,0.465,233,659,0.354,417,550,0.758,290,960,347,168,67,230,461,2023-2024
328,UT Arlington,28,15,13,0.536,0.27,0.74,11,3,3,10,2113,2057,1125,706,1634,0.432,244,704,0.347,457,626,0.73,342,1059,435,204,106,445,575,2023-2024
329,Utah,27,16,11,0.593,14.55,10.22,12,2,2,7,2100,1983,1095,783,1688,0.464,231,658,0.351,303,469,0.646,283,1059,464,163,118,316,430,2023-2024
330,Utah State,27,22,5,0.815,13.26,5.42,12,1,6,4,2150,1870,1090,782,1584,0.494,166,511,0.325,420,581,0.723,265,988,454,183,116,306,466,2023-2024
331,Utah Tech,27,10,17,0.37,-7.43,-0.47,6,5,4,12,1891,2060,1090,665,1499,0.444,179,523,0.342,382,593,0.644,267,929,339,175,121,426,560,2023-2024
332,Utah Valley,28,14,14,0.5,-0.58,0.38,10,3,3,10,1934,1916,1125,699,1609,0.434,139,483,0.288,397,581,0.683,283,1020,430,200,128,351,505,2023-2024
333,UTEP,28,13,15,0.464,-2.46,-0.86,12,5,0,9,2046,1958,1130,707,1607,0.44,161,520,0.31,471,686,0.687,306,928,370,330,86,403,557,2023-2024
334,UTSA,28,9,19,0.321,-6.24,-0.46,6,8,3,11,2174,2297,1140,735,1793,0.41,270,811,0.333,434,608,0.714,375,1124,382,143,112,324,514,2023-2024
335,Valparaiso,29,6,23,0.207,-7.63,1.52,5,11,1,12,1973,2190,1160,722,1768,0.408,211,639,0.33,318,440,0.723,286,948,350,175,106,316,481,2023-2024
336,Vanderbilt,27,7,20,0.259,-0.18,8.12,7,9,0,8,1786,2010,1080,608,1557,0.39,185,647,0.286,385,549,0.701,289,930,256,163,80,287,402,2023-2024
337,Vermont,29,23,6,0.793,3.13,-3.79,12,1,9,4,2110,1823,1165,764,1653,0.462,256,746,0.343,326,450,0.724,223,1020,404,156,110,263,395,2023-2024
338,Villanova,27,15,12,0.556,15.12,9.79,9,4,3,7,1935,1791,1105,667,1576,0.423,245,743,0.33,356,435,0.818,253,957,338,158,63,256,414,2023-2024
339,Virginia,28,20,8,0.714,11.41,6.41,14,2,4,5,1775,1635,1125,674,1538,0.438,175,481,0.364,252,392,0.643,243,912,424,209,146,232,390,2023-2024
340,Virginia Commonwealth,27,18,9,0.667,8.87,3.5,12,5,5,2,1935,1790,1085,646,1464,0.441,227,630,0.36,416,526,0.791,249,973,383,162,119,331,441,2023-2024
341,VMI,29,4,25,0.138,-19.05,-2.05,4,9,0,14,2018,2372,1165,749,1764,0.425,194,618,0.314,326,468,0.697,277,1076,307,164,75,463,494,2023-2024
342,Virginia Tech,27,15,12,0.556,12.39,8.1,12,2,1,8,2004,1888,1080,688,1495,0.46,223,630,0.354,405,508,0.797,209,874,408,140,71,304,432,2023-2024
343,Wagner,26,13,13,0.5,-11.04,-9.29,7,4,6,9,1680,1638,1055,597,1518,0.393,199,593,0.336,287,401,0.716,301,929,349,165,55,260,411,2023-2024
344,Wake Forest,27,18,9,0.667,16.92,7.07,15,0,2,7,2148,1882,1090,758,1587,0.478,227,602,0.377,405,505,0.802,229,941,341,157,111,294,419,2023-2024
345,Washington,28,15,13,0.536,12.38,8.77,10,5,4,6,2262,2161,1145,822,1754,0.469,213,632,0.337,405,566,0.716,274,1023,417,164,108,331,521,2023-2024
346,Washington State,28,21,7,0.75,14.55,6.51,13,1,6,4,2101,1876,1130,775,1649,0.47,179,517,0.346,372,527,0.706,305,1058,351,147,144,294,481,2023-2024
347,Weber State,28,18,10,0.643,0.63,-3.21,10,2,7,6,2098,1855,1125,723,1541,0.469,222,626,0.355,430,575,0.748,210,893,342,189,43,279,430,2023-2024
348,West Virginia,27,9,18,0.333,4.89,10.71,9,7,0,7,1852,2009,1085,631,1497,0.422,189,557,0.339,401,557,0.72,247,929,343,120,101,345,402,2023-2024
349,Western Carolina,29,20,9,0.69,1.74,-3.27,11,3,9,6,2216,1979,1170,812,1786,0.455,233,650,0.358,359,504,0.712,310,1153,326,134,99,302,489,2023-2024
350,Western Illinois,29,18,11,0.621,-7.9,-6.62,8,5,10,6,2008,1895,1170,735,1703,0.432,174,536,0.325,364,586,0.621,421,1220,373,155,162,383,421,2023-2024
351,Western Kentucky,27,19,8,0.704,0.85,-3.23,12,1,6,5,2161,1993,1081,791,1695,0.467,180,538,0.335,399,560,0.713,286,1086,368,194,85,376,499,2023-2024
352,Western Michigan,27,10,17,0.37,-8.68,-3.25,6,6,2,11,1926,2011,1090,698,1608,0.434,214,626,0.342,316,500,0.632,335,1015,365,153,66,365,469,2023-2024
353,Wichita State,28,11,17,0.393,1.71,3.89,9,5,1,9,2020,2049,1130,765,1724,0.444,166,535,0.31,324,468,0.692,322,1106,320,177,114,350,429,2023-2024
354,William & Mary,29,8,21,0.276,-11.59,-4.48,6,7,2,12,2014,2102,1165,684,1669,0.41,247,787,0.314,399,559,0.714,295,1015,344,139,49,321,495,2023-2024
355,Winthrop,29,17,12,0.586,-1.04,-3.34,11,4,6,8,2259,2053,1185,746,1599,0.467,215,629,0.342,552,778,0.71,310,1030,344,189,76,376,510,2023-2024
356,Wisconsin,27,18,9,0.667,16.44,10.81,13,2,3,7,2006,1854,1090,702,1515,0.463,180,529,0.34,422,552,0.764,268,922,327,153,46,272,425,2023-2024
357,Wofford,29,15,14,0.517,-3.94,-0.79,10,2,5,9,2162,2156,1180,793,1722,0.461,276,768,0.359,300,484,0.62,298,1063,444,122,75,336,465,2023-2024
358,Wright State,29,17,12,0.586,0.43,-3.27,8,5,7,6,2499,2333,1165,933,1748,0.534,194,506,0.383,439,575,0.763,258,993,477,178,84,332,454,2023-2024
359,Wyoming,27,13,14,0.481,-0.62,5.5,8,4,2,9,1967,2051,1085,667,1473,0.453,199,536,0.371,434,586,0.741,260,932,311,135,64,364,418,2023-2024
360,Xavier,27,13,14,0.481,12.62,11.14,10,6,2,7,2032,1992,1080,727,1685,0.431,186,550,0.338,392,534,0.734,335,1051,446,186,99,314,462,2023-2024
361,Yale,26,18,8,0.692,4.54,0.25,7,1,9,6,1958,1747,1055,728,1563,0.466,184,541,0.34,318,443,0.718,267,969,373,152,80,248,390,2023-2024
362,Youngstown State,30,21,9,0.7,2.19,-4.27,13,2,8,7,2459,2132,1210,878,1942,0.452,265,815,0.325,438,564,0.777,390,1207,463,191,146,329,488,2023-2024
